股票代码,市场类型,行业链接
000001,sz,480301
000002,sz,430101
000004,sz,710402
000006,sz,430101
000007,sz,450304
000008,sz,640501
000009,sz,630702
000010,sz,620307
000011,sz,430101
000012,sz,610201
000014,sz,430101
000016,sz,330106
000017,sz,350301
000019,sz,110502
000020,sz,270301
000021,sz,270504
000025,sz,510101
000026,sz,350301
000027,sz,410101
000028,sz,370402
000029,sz,430101
000030,sz,280203
000031,sz,430102
000032,sz,620404
000034,sz,710301
000035,sz,760103
000036,sz,430101
000037,sz,410101
000039,sz,640108
000042,sz,430101
000045,sz,270301
000048,sz,110702
000049,sz,630701
000050,sz,270301
000055,sz,610303
000056,sz,430301
000058,sz,450304
000059,sz,750301
000060,sz,240303
000061,sz,450304
000062,sz,270401
000063,sz,730204
000065,sz,620403
000066,sz,710103
000068,sz,760104
000069,sz,430102
000070,sz,730205
000078,sz,370402
000088,sz,421102
000089,sz,421002
000090,sz,430101
000096,sz,750302
000099,sz,421001
000100,sz,270301
000151,sz,450201
000153,sz,370102
000155,sz,410107
000156,sz,721001
000157,sz,640601
000158,sz,710301
000159,sz,630504
000166,sz,490101
000301,sz,750301
000333,sz,330102
000338,sz,280203
000400,sz,630803
000401,sz,610101
000402,sz,430102
000403,sz,370302
000404,sz,330601
000407,sz,410301
000408,sz,240603
000409,sz,710301
000410,sz,640101
000411,sz,370402
000415,sz,490305
000417,sz,450303
000419,sz,450303
000420,sz,220403
000421,sz,510101
000422,sz,220801
000423,sz,370201
000425,sz,640601
000426,sz,240303
000428,sz,460901
000429,sz,420901
000430,sz,461003
000488,sz,360102
000498,sz,620306
000501,sz,450301
000503,sz,710401
000504,sz,370605
000505,sz,110502
000506,sz,240401
000507,sz,410107
000509,sz,270301
000510,sz,220202
000513,sz,370102
000514,sz,430101
000516,sz,370604
000517,sz,430101
000518,sz,370304
000519,sz,650301
000520,sz,421101
000521,sz,330106
000523,sz,510101
000524,sz,461004
000525,sz,220803
000526,sz,461102
000528,sz,640601
000529,sz,340401
000530,sz,640105
000531,sz,410101
000532,sz,490307
000533,sz,630801
000534,sz,370304
000536,sz,270301
000537,sz,410107
000538,sz,370201
000539,sz,410101
000541,sz,330501
000543,sz,410101
000544,sz,760102
000545,sz,220206
000546,sz,760103
000547,sz,650501
000548,sz,420901
000550,sz,280601
000551,sz,760201
000552,sz,740101
000553,sz,220803
000554,sz,750302
000555,sz,710301
000557,sz,420903
000558,sz,461003
000559,sz,280203
000560,sz,430302
000561,sz,650201
000563,sz,490304
000564,sz,450301
000565,sz,220305
000566,sz,370102
000567,sz,490307
000568,sz,340501
000570,sz,280203
000571,sz,740101
000572,sz,280502
000573,sz,430101
000576,sz,650301
000581,sz,280203
000582,sz,421102
000586,sz,730205
000589,sz,280204
000590,sz,370201
000591,sz,410106
000592,sz,110301
000593,sz,410301
000595,sz,640108
000596,sz,340501
000597,sz,370102
000598,sz,760102
000599,sz,280204
000600,sz,410101
000601,sz,410102
000603,sz,240303
000605,sz,760102
000607,sz,720502
000608,sz,430102
000609,sz,430101
000610,sz,461004
000612,sz,240301
000615,sz,770302
000617,sz,490302
000619,sz,610303
000620,sz,430101
000623,sz,370201
000625,sz,280502
000626,sz,420802
000628,sz,620101
000629,sz,230302
000630,sz,240302
000631,sz,430101
000632,sz,510101
000633,sz,240201
000635,sz,220202
000636,sz,270203
000637,sz,750303
000638,sz,650501
000639,sz,340407
000650,sz,370201
000651,sz,330102
000652,sz,510101
000655,sz,230301
000656,sz,430101
000657,sz,240502
000659,sz,360204
000661,sz,370304
000663,sz,110301
000665,sz,721001
000668,sz,430101
000669,sz,410301
000670,sz,270401
000672,sz,610101
000676,sz,720501
000677,sz,220403
000678,sz,280203
000679,sz,450301
000680,sz,640601
000681,sz,720703
000682,sz,630803
000683,sz,220201
000685,sz,760102
000686,sz,490101
000688,sz,240303
000690,sz,410101
000691,sz,220204
000692,sz,410104
000695,sz,630702
000697,sz,650201
000698,sz,750301
000700,sz,280202
000701,sz,280302
000702,sz,110402
000703,sz,750301
000705,sz,370402
000707,sz,220201
000708,sz,230501
000709,sz,230402
000710,sz,370602
000711,sz,760104
000712,sz,490101
000713,sz,110101
000715,sz,450301
000716,sz,340801
000717,sz,230401
000718,sz,430101
000719,sz,720902
000720,sz,630805
000721,sz,460902
000722,sz,410102
000723,sz,740201
000725,sz,270301
000726,sz,350102
000727,sz,270301
000728,sz,490101
000729,sz,340601
000731,sz,220801
000733,sz,650501
000735,sz,110702
000736,sz,430101
000737,sz,240302
000738,sz,650201
000739,sz,370101
000750,sz,490101
000751,sz,240303
000752,sz,340601
000753,sz,510101
000755,sz,420901
000756,sz,370101
000757,sz,280303
000758,sz,240303
000759,sz,450302
000761,sz,230402
000762,sz,240603
000766,sz,370102
000767,sz,410101
000768,sz,650201
000776,sz,490101
000777,sz,640108
000778,sz,230403
000779,sz,620601
000782,sz,220406
000783,sz,490101
000785,sz,450304
000786,sz,610303
000788,sz,370102
000789,sz,610101
000790,sz,370201
000791,sz,410102
000792,sz,220804
000793,sz,720902
000795,sz,240202
000796,sz,461004
000797,sz,430101
000798,sz,110201
000799,sz,340501
000800,sz,280601
000801,sz,330202
000802,sz,720601
000803,sz,760103
000807,sz,240301
000809,sz,430101
000810,sz,330202
000811,sz,640105
000812,sz,360205
000813,sz,370102
000815,sz,710301
000816,sz,280203
000818,sz,220202
000819,sz,750303
000820,sz,760201
000821,sz,630505
000822,sz,220201
000823,sz,270202
000825,sz,230501
000826,sz,760104
000828,sz,420901
000829,sz,450401
000830,sz,220205
000831,sz,240501
000833,sz,510101
000837,sz,640101
000838,sz,430101
000839,sz,730104
000848,sz,340701
000850,sz,350102
000851,sz,730204
000852,sz,640203
000856,sz,640209
000858,sz,340501
000859,sz,220505
000860,sz,340501
000862,sz,410107
000863,sz,430101
000868,sz,280602
000869,sz,340602
000875,sz,410110
000876,sz,110702
000877,sz,610101
000878,sz,240302
000880,sz,280203
000881,sz,220309
000882,sz,450301
000883,sz,410110
000885,sz,760103
000886,sz,420901
000887,sz,280205
000888,sz,461003
000889,sz,730103
000890,sz,760201
000892,sz,720601
000893,sz,220804
000895,sz,340401
000897,sz,430101
000898,sz,230402
000899,sz,410101
000900,sz,420901
000901,sz,280206
000902,sz,220805
000903,sz,280203
000905,sz,421102
000906,sz,420802
000908,sz,370102
000909,sz,430101
000910,sz,360306
000911,sz,110504
000912,sz,220801
000913,sz,280402
000915,sz,370102
000917,sz,721001
000919,sz,370102
000920,sz,220505
000921,sz,330102
000922,sz,630101
000923,sz,230301
000925,sz,640501
000926,sz,430101
000927,sz,640501
000928,sz,620403
000929,sz,340601
000930,sz,110504
000931,sz,370102
000932,sz,230402
000933,sz,240301
000935,sz,490307
000936,sz,220401
000937,sz,740102
000938,sz,710301
000948,sz,710401
000949,sz,220403
000950,sz,370402
000951,sz,280601
000952,sz,370101
000953,sz,370101
000955,sz,350106
000957,sz,280602
000958,sz,490308
000959,sz,230402
000960,sz,240504
000962,sz,240504
000963,sz,370102
000965,sz,430101
000966,sz,410101
000967,sz,760201
000968,sz,750101
000969,sz,240201
000970,sz,240202
000972,sz,110501
000973,sz,220505
000975,sz,240401
000977,sz,710103
000978,sz,461003
000980,sz,280206
000981,sz,280203
000983,sz,740102
000985,sz,750303
000987,sz,490302
000988,sz,640703
000989,sz,370201
000990,sz,220205
000993,sz,410102
000995,sz,340501
000997,sz,710103
000998,sz,110101
000999,sz,370201
001201,sz,110702
001202,sz,420802
001203,sz,230301
001205,sz,421101
001206,sz,770101
001207,sz,220603
001208,sz,630805
001209,sz,350209
001210,sz,410104
001211,sz,360311
001212,sz,610303
001213,sz,420903
001215,sz,340406
001216,sz,360311
001217,sz,220204
001218,sz,220309
001219,sz,340802
001222,sz,360502
001223,sz,640704
001225,sz,640203
001226,sz,640602
001227,sz,480401
001228,sz,420805
001229,sz,710103
001230,sz,760103
001231,sz,220803
001234,sz,350208
001236,sz,490303
001238,sz,360502
001239,sz,640602
001255,sz,220504
001256,sz,640208
001258,sz,410107
001259,sz,330301
001260,sz,280202
001266,sz,640702
001267,sz,620307
001268,sz,330601
001269,sz,630504
001270,sz,650501
001277,sz,640203
001278,sz,280202
001279,sz,360202
001282,sz,280203
001283,sz,630701
001286,sz,410101
001287,sz,270401
001288,sz,640203
001289,sz,410107
001296,sz,220901
001298,sz,270401
001299,sz,410301
001300,sz,360502
001301,sz,630702
001306,sz,640108
001308,sz,270301
001309,sz,270104
001311,sz,280205
001313,sz,110403
001314,sz,270504
001316,sz,750302
001317,sz,420903
001318,sz,340702
001319,sz,280202
001322,sz,360309
001323,sz,360307
001324,sz,640501
001326,sz,330501
001328,sz,770102
001330,sz,720601
001331,sz,410301
001332,sz,640203
001333,sz,220504
001336,sz,760201
001337,sz,240401
001338,sz,110504
001339,sz,710103
001356,sz,360311
001358,sz,220309
001359,sz,220505
001360,sz,640203
001366,sz,110402
001367,sz,370101
001368,sz,360502
001373,sz,270303
001376,sz,410104
001378,sz,220505
001379,sz,640108
001380,sz,280203
001387,sz,330106
001389,sz,270202
001391,sz,420805
001395,sz,640209
001696,sz,640106
001872,sz,421102
001896,sz,410101
001914,sz,430301
001965,sz,420901
001979,sz,430102
002001,sz,220315
002003,sz,350105
002004,sz,370102
002005,sz,330301
002006,sz,640209
002007,sz,370303
002008,sz,640703
002009,sz,640209
002010,sz,420807
002011,sz,330601
002012,sz,360103
002014,sz,360204
002015,sz,410104
002016,sz,430101
002017,sz,730206
002019,sz,370102
002020,sz,370102
002021,sz,640206
002022,sz,370504
002023,sz,650201
002024,sz,450601
002025,sz,650501
002026,sz,640108
002027,sz,720502
002028,sz,630801
002029,sz,350209
002030,sz,370504
002031,sz,640209
002032,sz,330301
002033,sz,461003
002034,sz,760103
002035,sz,330401
002036,sz,270303
002037,sz,220307
002038,sz,370102
002039,sz,410102
002040,sz,421102
002041,sz,110101
002042,sz,350102
002043,sz,610303
002044,sz,370604
002045,sz,270503
002046,sz,640103
002047,sz,620201
002048,sz,280202
002049,sz,270104
002050,sz,330601
002051,sz,620403
002052,sz,330202
002053,sz,410107
002054,sz,220308
002055,sz,270504
002056,sz,630502
002057,sz,460802
002058,sz,640107
002059,sz,461002
002060,sz,410110
002061,sz,620306
002062,sz,620306
002063,sz,710401
002064,sz,220405
002065,sz,710301
002066,sz,610301
002067,sz,360102
002068,sz,220603
002069,sz,110202
002072,sz,450201
002073,sz,640209
002074,sz,630701
002075,sz,230501
002076,sz,330501
002077,sz,270107
002078,sz,360102
002079,sz,630702
002080,sz,610202
002081,sz,620201
002082,sz,370201
002083,sz,350102
002084,sz,360309
002085,sz,280204
002086,sz,370504
002088,sz,610301
002090,sz,630803
002091,sz,450201
002092,sz,220202
002093,sz,461101
002094,sz,770201
002095,sz,720704
002096,sz,220307
002097,sz,640601
002098,sz,350105
002099,sz,370101
002100,sz,110402
002101,sz,280205
002102,sz,370101
002103,sz,360501
002104,sz,730206
002105,sz,280401
002106,sz,270301
002107,sz,370201
002108,sz,220501
002109,sz,220204
002110,sz,230401
002111,sz,650201
002112,sz,630801
002114,sz,240303
002115,sz,730103
002116,sz,620404
002117,sz,360202
002119,sz,270103
002120,sz,420804
002121,sz,630804
002122,sz,640101
002123,sz,730104
002124,sz,110702
002125,sz,630702
002126,sz,280203
002127,sz,450603
002128,sz,740101
002129,sz,630501
002130,sz,270401
002131,sz,640108
002132,sz,640108
002133,sz,430101
002134,sz,270202
002135,sz,620401
002136,sz,220206
002137,sz,270302
002138,sz,270203
002139,sz,270504
002140,sz,620402
002141,sz,110801
002142,sz,480401
002144,sz,350106
002145,sz,220206
002146,sz,430101
002148,sz,730104
002149,sz,240504
002150,sz,640108
002151,sz,650501
002152,sz,710103
002153,sz,710401
002154,sz,350209
002155,sz,240401
002156,sz,270107
002157,sz,110702
002158,sz,640105
002159,sz,461003
002160,sz,240301
002161,sz,270401
002162,sz,360306
002163,sz,620201
002164,sz,640108
002165,sz,220313
002166,sz,220315
002167,sz,240504
002168,sz,630802
002169,sz,630803
002170,sz,220805
002171,sz,240302
002172,sz,370604
002173,sz,370604
002174,sz,720401
002175,sz,640107
002176,sz,630101
002177,sz,710103
002178,sz,710401
002179,sz,650501
002180,sz,710103
002181,sz,720902
002182,sz,240504
002183,sz,450201
002184,sz,640702
002185,sz,270107
002186,sz,460902
002187,sz,450301
002188,sz,430301
002189,sz,650501
002190,sz,280205
002191,sz,360205
002192,sz,240603
002193,sz,350209
002194,sz,730204
002195,sz,710301
002196,sz,630101
002197,sz,710103
002198,sz,370201
002199,sz,270203
002200,sz,620307
002201,sz,610202
002202,sz,630601
002203,sz,240302
002204,sz,640203
002205,sz,610102
002206,sz,220401
002207,sz,750201
002208,sz,430101
002209,sz,640208
002210,sz,760103
002211,sz,220316
002212,sz,710402
002213,sz,270104
002214,sz,650501
002215,sz,110103
002216,sz,340406
002217,sz,270301
002218,sz,410106
002219,sz,370604
002221,sz,750303
002222,sz,270303
002223,sz,370502
002224,sz,220602
002225,sz,610301
002226,sz,220307
002227,sz,630306
002228,sz,360205
002229,sz,360202
002230,sz,710402
002231,sz,650501
002232,sz,710301
002233,sz,610101
002234,sz,110703
002235,sz,360103
002236,sz,710102
002237,sz,240401
002238,sz,721001
002239,sz,280206
002240,sz,240603
002241,sz,270504
002242,sz,330301
002243,sz,460804
002244,sz,430101
002245,sz,630701
002246,sz,220307
002247,sz,610303
002248,sz,640101
002249,sz,630101
002250,sz,220803
002251,sz,450302
002252,sz,370302
002253,sz,710401
002254,sz,220404
002255,sz,630304
002256,sz,410106
002258,sz,220803
002259,sz,410301
002261,sz,710401
002262,sz,370102
002263,sz,220505
002264,sz,720501
002265,sz,280203
002266,sz,760103
002267,sz,410301
002268,sz,710103
002269,sz,350209
002270,sz,630801
002271,sz,610304
002272,sz,640106
002273,sz,270303
002274,sz,220205
002275,sz,370201
002276,sz,630805
002277,sz,450301
002278,sz,640203
002279,sz,710402
002281,sz,730204
002282,sz,640103
002283,sz,280203
002284,sz,280203
002285,sz,430302
002286,sz,110504
002287,sz,370201
002289,sz,270301
002290,sz,330601
002291,sz,720501
002292,sz,720601
002293,sz,350206
002294,sz,370102
002295,sz,240302
002296,sz,730204
002297,sz,650201
002298,sz,710401
002299,sz,110703
002300,sz,630805
002301,sz,360501
002302,sz,610102
002303,sz,360205
002304,sz,340501
002305,sz,430102
002306,sz,460902
002307,sz,620306
002309,sz,630805
002310,sz,620307
002311,sz,110403
002312,sz,220802
002313,sz,730206
002314,sz,430101
002315,sz,450602
002316,sz,490306
002317,sz,370201
002318,sz,230501
002319,sz,220305
002320,sz,421101
002321,sz,110704
002322,sz,710401
002323,sz,620404
002324,sz,220503
002326,sz,220311
002327,sz,350206
002328,sz,280205
002329,sz,340702
002330,sz,340401
002331,sz,710301
002332,sz,370101
002333,sz,610303
002334,sz,640702
002335,sz,630306
002337,sz,640209
002338,sz,650501
002339,sz,630803
002340,sz,630702
002342,sz,640108
002343,sz,720601
002344,sz,450304
002345,sz,350301
002346,sz,630802
002347,sz,640108
002348,sz,360502
002349,sz,370201
002350,sz,630802
002351,sz,270503
002352,sz,420804
002353,sz,640203
002354,sz,720501
002355,sz,280204
002356,sz,450303
002357,sz,420902
002358,sz,630801
002360,sz,220307
002361,sz,220504
002362,sz,710401
002363,sz,280203
002364,sz,630306
002365,sz,370101
002366,sz,630306
002367,sz,640204
002368,sz,710301
002369,sz,270504
002370,sz,370102
002371,sz,270108
002372,sz,610302
002373,sz,710301
002374,sz,360203
002375,sz,620201
002376,sz,710103
002377,sz,750303
002378,sz,240502
002379,sz,240301
002380,sz,710301
002381,sz,220602
002382,sz,370503
002383,sz,650501
002384,sz,270202
002385,sz,110402
002386,sz,220202
002387,sz,270301
002388,sz,270401
002389,sz,650201
002390,sz,370201
002391,sz,220803
002392,sz,610301
002393,sz,370102
002394,sz,350102
002395,sz,220504
002396,sz,730204
002397,sz,350206
002398,sz,610303
002399,sz,370102
002400,sz,720501
002401,sz,710301
002402,sz,270504
002403,sz,330301
002404,sz,350209
002405,sz,710401
002406,sz,280203
002407,sz,220311
002408,sz,750303
002409,sz,270103
002410,sz,710401
002412,sz,370201
002413,sz,650501
002414,sz,650501
002415,sz,710102
002416,sz,450401
002418,sz,330601
002419,sz,450301
002420,sz,330601
002421,sz,710301
002422,sz,370102
002423,sz,490302
002424,sz,370201
002425,sz,720401
002426,sz,270504
002427,sz,220401
002428,sz,240504
002429,sz,330201
002430,sz,220309
002431,sz,620307
002432,sz,370504
002434,sz,280203
002436,sz,270202
002437,sz,370102
002438,sz,640108
002439,sz,710402
002440,sz,220308
002441,sz,630802
002442,sz,220603
002443,sz,230501
002444,sz,640106
002445,sz,640108
002446,sz,650501
002448,sz,280203
002449,sz,270302
002451,sz,630805
002452,sz,630801
002453,sz,220309
002454,sz,280206
002455,sz,220309
002456,sz,270303
002457,sz,610302
002458,sz,110703
002459,sz,630502
002460,sz,240603
002461,sz,340601
002462,sz,370402
002463,sz,270202
002465,sz,650501
002466,sz,240603
002467,sz,730104
002468,sz,420804
002469,sz,620402
002470,sz,220805
002471,sz,630805
002472,sz,280203
002474,sz,710301
002475,sz,270504
002476,sz,750303
002478,sz,230501
002479,sz,410104
002480,sz,410106
002481,sz,110504
002482,sz,620201
002483,sz,640203
002484,sz,270203
002485,sz,420802
002486,sz,350208
002487,sz,630602
002488,sz,280204
002489,sz,360307
002490,sz,640203
002491,sz,730205
002492,sz,420806
002493,sz,750301
002494,sz,350209
002495,sz,340901
002496,sz,220803
002497,sz,220307
002498,sz,630805
002500,sz,490101
002501,sz,240301
002506,sz,630502
002507,sz,340901
002508,sz,330401
002510,sz,280205
002511,sz,770101
002512,sz,710103
002513,sz,220803
002514,sz,640108
002515,sz,340401
002516,sz,280202
002517,sz,720401
002518,sz,630306
002519,sz,650301
002520,sz,640101
002521,sz,360103
002522,sz,220505
002523,sz,640203
002524,sz,370604
002526,sz,640203
002527,sz,640204
002528,sz,710102
002529,sz,640209
002530,sz,640209
002531,sz,630602
002532,sz,240301
002533,sz,630805
002534,sz,630304
002535,sz,640203
002536,sz,280203
002537,sz,280202
002538,sz,220805
002539,sz,220805
002540,sz,240301
002541,sz,620401
002542,sz,620404
002543,sz,330402
002544,sz,730103
002545,sz,220804
002546,sz,630804
002547,sz,280205
002548,sz,110402
002549,sz,220309
002550,sz,370102
002551,sz,370503
002552,sz,640108
002553,sz,280203
002554,sz,750202
002555,sz,720401
002556,sz,110901
002557,sz,340801
002558,sz,720401
002559,sz,640101
002560,sz,630805
002561,sz,450301
002562,sz,220315
002563,sz,350209
002564,sz,620404
002565,sz,360205
002566,sz,370201
002567,sz,110402
002568,sz,340602
002569,sz,350209
002570,sz,340702
002571,sz,360311
002572,sz,360308
002573,sz,760102
002574,sz,350301
002575,sz,360502
002576,sz,630101
002577,sz,710103
002578,sz,240301
002579,sz,270202
002580,sz,630705
002581,sz,370304
002582,sz,340801
002583,sz,730204
002584,sz,270601
002585,sz,220505
002586,sz,620306
002587,sz,270302
002588,sz,220805
002589,sz,370402
002590,sz,280203
002591,sz,220309
002592,sz,280203
002593,sz,620401
002594,sz,280501
002595,sz,640209
002596,sz,610102
002597,sz,220315
002598,sz,640106
002599,sz,360202
002600,sz,270504
002601,sz,220206
002602,sz,720401
002603,sz,370201
002605,sz,720401
002606,sz,630805
002607,sz,461102
002608,sz,410101
002609,sz,710301
002611,sz,640208
002612,sz,350209
002613,sz,610201
002614,sz,330701
002615,sz,360311
002616,sz,410109
002617,sz,410106
002620,sz,620201
002622,sz,370604
002623,sz,630504
002624,sz,720401
002625,sz,650201
002626,sz,340407
002627,sz,461004
002628,sz,620306
002629,sz,750201
002630,sz,630304
002631,sz,360306
002632,sz,220505
002633,sz,640108
002634,sz,350209
002635,sz,270504
002636,sz,270202
002637,sz,220309
002638,sz,330501
002639,sz,640105
002640,sz,450602
002641,sz,610302
002642,sz,710301
002643,sz,270601
002644,sz,370201
002645,sz,760201
002646,sz,340501
002647,sz,490306
002648,sz,220204
002649,sz,710301
002650,sz,340901
002651,sz,650201
002652,sz,610303
002653,sz,370102
002654,sz,270302
002655,sz,270504
002656,sz,350209
002657,sz,710301
002658,sz,760201
002659,sz,461101
002660,sz,270504
002661,sz,340406
002662,sz,280202
002663,sz,620307
002664,sz,280206
002666,sz,220309
002667,sz,640203
002668,sz,330106
002669,sz,220317
002670,sz,490101
002671,sz,610102
002672,sz,760103
002673,sz,490101
002674,sz,350105
002675,sz,370102
002676,sz,330601
002677,sz,330401
002678,sz,360502
002679,sz,110301
002681,sz,270504
002682,sz,420807
002683,sz,220307
002685,sz,640601
002686,sz,640105
002687,sz,350209
002688,sz,110801
002689,sz,640204
002690,sz,640209
002691,sz,640203
002692,sz,630805
002693,sz,370102
002694,sz,610302
002695,sz,340803
002696,sz,110403
002697,sz,450302
002698,sz,640701
002700,sz,410301
002701,sz,360203
002702,sz,340406
002703,sz,280203
002705,sz,330301
002706,sz,630802
002707,sz,461004
002708,sz,280203
002709,sz,630702
002712,sz,720501
002713,sz,620201
002714,sz,110702
002715,sz,280203
002716,sz,240402
002717,sz,620307
002718,sz,610303
002719,sz,340802
002721,sz,350301
002722,sz,640206
002723,sz,330501
002724,sz,330501
002725,sz,280204
002726,sz,340401
002727,sz,370403
002728,sz,370201
002729,sz,270401
002730,sz,640203
002731,sz,350301
002732,sz,340702
002733,sz,630705
002734,sz,220803
002735,sz,360204
002736,sz,490101
002737,sz,370201
002738,sz,240504
002739,sz,720602
002741,sz,270601
002742,sz,370102
002743,sz,620401
002745,sz,270302
002746,sz,110703
002747,sz,640701
002748,sz,220202
002749,sz,220803
002752,sz,360203
002753,sz,220603
002755,sz,370102
002756,sz,240603
002757,sz,640209
002758,sz,510101
002759,sz,630702
002760,sz,640103
002761,sz,620101
002762,sz,350209
002763,sz,350209
002765,sz,280205
002766,sz,280206
002767,sz,640107
002768,sz,220503
002769,sz,420803
002771,sz,710301
002772,sz,110104
002773,sz,370304
002774,sz,640204
002775,sz,620307
002777,sz,710301
002778,sz,760102
002779,sz,640209
002780,sz,350208
002782,sz,270401
002783,sz,220307
002785,sz,610303
002786,sz,640209
002787,sz,360203
002788,sz,370402
002789,sz,620201
002790,sz,360309
002791,sz,610303
002792,sz,730204
002793,sz,370102
002795,sz,640108
002796,sz,730204
002797,sz,490101
002798,sz,360306
002799,sz,360205
002800,sz,420807
002801,sz,630101
002802,sz,220309
002803,sz,450602
002805,sz,630702
002806,sz,280203
002807,sz,480501
002808,sz,270303
002809,sz,220309
002810,sz,220309
002811,sz,620201
002812,sz,630702
002813,sz,280206
002815,sz,270202
002816,sz,640209
002817,sz,370101
002818,sz,450304
002819,sz,640107
002820,sz,340802
002821,sz,370603
002822,sz,620201
002823,sz,630101
002824,sz,240301
002825,sz,220501
002826,sz,370102
002827,sz,220307
002828,sz,750201
002829,sz,650101
002830,sz,620201
002831,sz,360205
002832,sz,350209
002833,sz,640209
002835,sz,710102
002836,sz,360205
002837,sz,640209
002838,sz,220503
002839,sz,480501
002840,sz,340401
002841,sz,270503
002842,sz,240502
002843,sz,640108
002845,sz,270301
002846,sz,360203
002847,sz,340801
002848,sz,330201
002849,sz,640107
002850,sz,630701
002851,sz,630306
002852,sz,110502
002853,sz,360308
002855,sz,270504
002856,sz,620201
002857,sz,630804
002858,sz,460601
002859,sz,270401
002860,sz,330601
002861,sz,270504
002862,sz,360502
002863,sz,280204
002864,sz,370201
002865,sz,630502
002866,sz,270504
002867,sz,350301
002868,sz,110801
002869,sz,710103
002870,sz,280206
002871,sz,640108
002872,sz,370102
002873,sz,370201
002875,sz,350209
002876,sz,270301
002877,sz,640108
002878,sz,720501
002879,sz,630805
002880,sz,370302
002881,sz,730206
002882,sz,630805
002883,sz,620601
002884,sz,640106
002885,sz,270401
002886,sz,220503
002887,sz,760104
002888,sz,270503
002889,sz,420803
002890,sz,640207
002891,sz,110404
002892,sz,630101
002893,sz,410104
002895,sz,220802
002896,sz,640108
002897,sz,730204
002898,sz,370102
002899,sz,360502
002900,sz,370102
002901,sz,370503
002902,sz,730204
002903,sz,640101
002905,sz,720602
002906,sz,280206
002907,sz,370201
002908,sz,710301
002909,sz,220316
002910,sz,340702
002911,sz,410301
002912,sz,710103
002913,sz,270202
002915,sz,220311
002916,sz,270202
002917,sz,220307
002918,sz,360306
002919,sz,720401
002920,sz,710401
002921,sz,280205
002922,sz,270401
002923,sz,370102
002925,sz,270504
002926,sz,490101
002927,sz,630802
002928,sz,421001
002929,sz,730103
002930,sz,420806
002931,sz,640108
002932,sz,370504
002933,sz,650201
002935,sz,650501
002936,sz,480401
002937,sz,280206
002938,sz,270202
002939,sz,490101
002940,sz,370102
002941,sz,620306
002942,sz,220803
002943,sz,640101
002945,sz,490101
002946,sz,340702
002947,sz,270504
002948,sz,480401
002949,sz,620601
002950,sz,370503
002951,sz,630306
002952,sz,270301
002953,sz,630805
002955,sz,270301
002956,sz,340802
002957,sz,640702
002958,sz,480501
002959,sz,330301
002960,sz,640204
002961,sz,490303
002962,sz,270303
002963,sz,620201
002965,sz,280205
002966,sz,480401
002967,sz,460802
002968,sz,430301
002969,sz,360203
002970,sz,710103
002971,sz,220309
002972,sz,640501
002973,sz,760103
002975,sz,640702
002976,sz,280205
002977,sz,650501
002978,sz,240504
002979,sz,640701
002980,sz,630804
002981,sz,270504
002982,sz,110703
002983,sz,270302
002984,sz,280204
002985,sz,650201
002986,sz,750303
002987,sz,710401
002988,sz,240301
002989,sz,620201
002990,sz,710103
002991,sz,340801
002992,sz,270302
002993,sz,270504
002995,sz,720501
002996,sz,240301
002997,sz,280205
002998,sz,220401
002999,sz,220805
003000,sz,340801
003001,sz,620404
003002,sz,220307
003003,sz,360206
003004,sz,710102
003005,sz,710301
003006,sz,770101
003007,sz,710401
003008,sz,460802
003009,sz,650101
003010,sz,450603
003011,sz,360306
003012,sz,360306
003013,sz,620601
003015,sz,270303
003016,sz,350209
003017,sz,220203
003018,sz,360204
003019,sz,270301
003020,sz,370102
003021,sz,630101
003022,sz,630504
003023,sz,330303
003025,sz,640101
003026,sz,270103
003027,sz,760101
003028,sz,330601
003029,sz,710401
003030,sz,110504
003031,sz,730206
003032,sz,461102
003033,sz,280402
003035,sz,410110
003036,sz,640206
003037,sz,610102
003038,sz,240301
003039,sz,760102
003040,sz,730206
003041,sz,350206
003042,sz,220803
003043,sz,270108
003816,sz,410108
300001,sz,630801
300002,sz,720401
300003,sz,370503
300004,sz,640209
300005,sz,350208
300006,sz,370102
300007,sz,640107
300008,sz,650401
300009,sz,370304
300010,sz,461103
300011,sz,640501
300012,sz,460802
300013,sz,420803
300014,sz,630701
300015,sz,370604
300016,sz,370102
300017,sz,710301
300018,sz,630803
300019,sz,220316
300020,sz,710301
300021,sz,110901
300022,sz,450401
300024,sz,640701
300025,sz,730103
300026,sz,370201
300027,sz,720601
300029,sz,620404
300030,sz,370502
300031,sz,720401
300032,sz,270504
300033,sz,710401
300034,sz,650201
300035,sz,630702
300036,sz,710402
300037,sz,630702
300039,sz,370201
300040,sz,410110
300041,sz,220316
300042,sz,710103
300043,sz,720401
300044,sz,710301
300045,sz,650501
300046,sz,270102
300047,sz,710401
300048,sz,640702
300049,sz,370502
300050,sz,730103
300051,sz,630502
300052,sz,720401
300053,sz,270104
300054,sz,270601
300055,sz,750303
300056,sz,760101
300057,sz,240301
300058,sz,720501
300059,sz,490101
300061,sz,720501
300062,sz,630801
300063,sz,720501
300065,sz,650401
300066,sz,640107
300067,sz,220308
300068,sz,630705
300069,sz,630805
300070,sz,760102
300071,sz,720501
300072,sz,220309
300073,sz,630702
300074,sz,710401
300075,sz,710401
300076,sz,270301
300077,sz,270104
300078,sz,710301
300079,sz,710301
300080,sz,630502
300081,sz,730104
300082,sz,220204
300083,sz,640702
300084,sz,640203
300085,sz,710401
300086,sz,370102
300087,sz,110101
300088,sz,270301
300091,sz,640106
300092,sz,640203
300093,sz,630502
300094,sz,110202
300095,sz,640203
300096,sz,710301
300097,sz,640704
300098,sz,730204
300099,sz,640203
300100,sz,280202
300101,sz,650501
300102,sz,270302
300103,sz,640209
300105,sz,760201
300106,sz,340702
300107,sz,220308
300109,sz,220309
300110,sz,370102
300111,sz,370102
300112,sz,640107
300113,sz,720401
300115,sz,270504
300118,sz,630502
300119,sz,110801
300120,sz,270301
300121,sz,220604
300122,sz,370303
300123,sz,650501
300124,sz,640702
300125,sz,410106
300126,sz,640106
300127,sz,240202
300128,sz,630703
300129,sz,630602
300130,sz,710103
300131,sz,270401
300132,sz,770201
300133,sz,720601
300134,sz,730204
300135,sz,750303
300136,sz,270504
300137,sz,760201
300138,sz,110504
300139,sz,240401
300140,sz,760103
300141,sz,630802
300142,sz,370303
300143,sz,370604
300144,sz,461002
300145,sz,640106
300146,sz,340407
300147,sz,370201
300148,sz,720901
300149,sz,370603
300150,sz,710301
300151,sz,640209
300152,sz,760104
300153,sz,630306
300154,sz,640106
300155,sz,710102
300157,sz,640106
300158,sz,370201
300159,sz,640207
300160,sz,330601
300161,sz,640101
300162,sz,270302
300163,sz,220309
300164,sz,750202
300165,sz,640107
300166,sz,710301
300167,sz,710301
300168,sz,710301
300169,sz,220309
300170,sz,710301
300171,sz,370502
300172,sz,760102
300173,sz,630703
300174,sz,220309
300175,sz,110501
300176,sz,280203
300177,sz,650501
300179,sz,640103
300180,sz,220501
300181,sz,370201
300182,sz,720601
300183,sz,730207
300184,sz,270401
300185,sz,630602
300187,sz,760104
300188,sz,710401
300189,sz,110101
300190,sz,760104
300191,sz,750202
300192,sz,461102
300193,sz,640106
300194,sz,370102
300195,sz,640208
300196,sz,610202
300197,sz,620307
300198,sz,610302
300199,sz,370102
300200,sz,220313
300201,sz,640601
300203,sz,760201
300204,sz,370102
300205,sz,730206
300206,sz,370502
300207,sz,630701
300209,sz,710401
300210,sz,760201
300211,sz,730103
300212,sz,710301
300213,sz,730207
300214,sz,220309
300215,sz,460802
300217,sz,330601
300218,sz,220501
300219,sz,270302
300220,sz,360502
300221,sz,220503
300222,sz,630803
300223,sz,270104
300224,sz,240202
300225,sz,220305
300226,sz,710401
300227,sz,640703
300228,sz,640108
300229,sz,710401
300230,sz,220501
300231,sz,710301
300232,sz,270302
300233,sz,370102
300234,sz,610303
300235,sz,710401
300236,sz,270601
300237,sz,280205
300238,sz,370503
300239,sz,370304
300240,sz,420803
300241,sz,270302
300242,sz,720501
300243,sz,220501
300244,sz,370602
300245,sz,710301
300246,sz,370502
300247,sz,330701
300248,sz,710103
300249,sz,710103
300250,sz,710301
300251,sz,720601
300252,sz,650501
300253,sz,710401
300254,sz,370102
300255,sz,370102
300256,sz,270504
300257,sz,640106
300258,sz,280203
300259,sz,640107
300260,sz,640108
300261,sz,220803
300263,sz,640106
300264,sz,710301
300265,sz,630805
300266,sz,760102
300267,sz,370101
300268,sz,110504
300269,sz,270302
300270,sz,710102
300271,sz,710301
300272,sz,330302
300274,sz,630503
300275,sz,710102
300276,sz,640701
300277,sz,710301
300278,sz,640702
300279,sz,330601
300281,sz,640209
300283,sz,630802
300284,sz,620601
300285,sz,270601
300286,sz,630804
300287,sz,710301
300288,sz,710301
300289,sz,370504
300290,sz,710301
300291,sz,720601
300292,sz,730104
300293,sz,640209
300294,sz,370302
300295,sz,720704
300296,sz,270302
300298,sz,370502
300299,sz,720401
300300,sz,710301
300301,sz,270302
300302,sz,710103
300303,sz,270302
300304,sz,280206
300305,sz,220505
300306,sz,640107
300307,sz,640206
300308,sz,730204
300310,sz,730103
300311,sz,710402
300313,sz,110704
300314,sz,370502
300315,sz,720401
300316,sz,630505
300317,sz,410106
300318,sz,370302
300319,sz,270203
300320,sz,220602
300321,sz,220313
300322,sz,270504
300323,sz,270302
300324,sz,710103
300326,sz,370503
300327,sz,270104
300328,sz,240301
300329,sz,360502
300331,sz,270303
300332,sz,410301
300333,sz,710103
300334,sz,760102
300335,sz,410104
300337,sz,240301
300338,sz,461102
300339,sz,710301
300340,sz,630702
300341,sz,370502
300342,sz,330601
300343,sz,220311
300344,sz,710401
300345,sz,630501
300346,sz,270601
300347,sz,370603
300348,sz,710401
300349,sz,640107
300350,sz,420803
300351,sz,640501
300352,sz,710401
300353,sz,730207
300354,sz,640107
300355,sz,620307
300357,sz,370304
300358,sz,370502
300359,sz,461102
300360,sz,630804
300363,sz,370603
300364,sz,720902
300365,sz,710401
300366,sz,710401
300368,sz,710103
300369,sz,710402
300370,sz,640107
300371,sz,640107
300373,sz,270102
300374,sz,610301
300375,sz,280203
300376,sz,630306
300377,sz,710401
300378,sz,710402
300379,sz,710401
300380,sz,710401
300381,sz,370101
300382,sz,640209
300383,sz,730104
300384,sz,620402
300385,sz,760101
300386,sz,710103
300387,sz,220805
300388,sz,760102
300389,sz,270302
300390,sz,630702
300391,sz,370201
300393,sz,630502
300394,sz,730204
300395,sz,650201
300396,sz,370504
300397,sz,650501
300398,sz,270601
300399,sz,710301
300400,sz,640704
300401,sz,370101
300402,sz,640108
300403,sz,330601
300404,sz,370603
300405,sz,220309
300406,sz,370504
300407,sz,630803
300408,sz,270203
300409,sz,630702
300410,sz,630703
300411,sz,640209
300412,sz,640209
300413,sz,720701
300414,sz,730207
300415,sz,640209
300416,sz,460802
300417,sz,640107
300418,sz,720401
300419,sz,710301
300420,sz,640106
300421,sz,640108
300422,sz,760102
300423,sz,630801
300424,sz,650201
300425,sz,760102
300426,sz,720601
300427,sz,630803
300428,sz,280204
300429,sz,270601
300430,sz,640106
300432,sz,630702
300433,sz,270504
300434,sz,370102
300435,sz,410301
300436,sz,370102
300437,sz,760102
300438,sz,630701
300439,sz,370504
300440,sz,710301
300441,sz,640106
300442,sz,730104
300443,sz,630602
300444,sz,630801
300445,sz,640107
300446,sz,280202
300447,sz,650501
300448,sz,710301
300449,sz,710102
300450,sz,630703
300451,sz,710401
300452,sz,370101
300453,sz,370503
300454,sz,710402
300455,sz,710103
300456,sz,270106
300457,sz,630703
300458,sz,270104
300459,sz,720401
300460,sz,270203
300461,sz,640704
300462,sz,710103
300463,sz,370504
300464,sz,450602
300465,sz,710401
300466,sz,640107
300467,sz,720401
300468,sz,710401
300469,sz,710401
300470,sz,640106
300471,sz,640209
300472,sz,640209
300473,sz,280205
300474,sz,650501
300475,sz,270401
300476,sz,270202
300477,sz,630702
300478,sz,220503
300479,sz,710103
300480,sz,640203
300481,sz,270601
300482,sz,370504
300483,sz,410301
300484,sz,640702
300485,sz,370304
300486,sz,640704
300487,sz,220504
300488,sz,640108
300489,sz,270303
300490,sz,630703
300491,sz,630306
300492,sz,620601
300493,sz,270401
300494,sz,720401
300496,sz,710301
300497,sz,370101
300498,sz,110702
300499,sz,640209
300500,sz,620601
300501,sz,360206
300502,sz,730204
300503,sz,640106
300504,sz,730206
300505,sz,220802
300506,sz,620201
300507,sz,280203
300508,sz,710103
300509,sz,640208
300510,sz,630803
300511,sz,110104
300512,sz,640208
300513,sz,730103
300514,sz,630804
300515,sz,640107
300516,sz,270401
300517,sz,620401
300518,sz,450603
300519,sz,370201
300520,sz,710401
300521,sz,640208
300522,sz,220305
300523,sz,710301
300525,sz,710401
300527,sz,650301
300528,sz,720602
300529,sz,370503
300530,sz,220309
300531,sz,710103
300532,sz,710301
300533,sz,720401
300534,sz,370201
300535,sz,220309
300536,sz,620307
300537,sz,270601
300538,sz,220503
300539,sz,220501
300540,sz,640209
300541,sz,710301
300542,sz,710401
300543,sz,330601
300545,sz,270301
300546,sz,710103
300547,sz,280203
300548,sz,730204
300549,sz,640209
300550,sz,710401
300551,sz,710103
300552,sz,710103
300553,sz,640107
300554,sz,640103
300555,sz,730206
300556,sz,710401
300557,sz,640107
300558,sz,370102
300559,sz,710401
300560,sz,730103
300561,sz,710401
300562,sz,370502
300563,sz,730205
300564,sz,620601
300565,sz,730204
300566,sz,270303
300567,sz,640107
300568,sz,630702
300569,sz,630602
300570,sz,730204
300571,sz,730104
300572,sz,460802
300573,sz,370102
300575,sz,220803
300576,sz,270601
300577,sz,350205
300578,sz,730104
300579,sz,710401
300580,sz,280203
300581,sz,650201
300582,sz,270302
300583,sz,370101
300584,sz,370102
300585,sz,280203
300586,sz,220503
300587,sz,220602
300588,sz,710102
300589,sz,650401
300590,sz,730206
300591,sz,350205
300592,sz,450602
300593,sz,630306
300594,sz,640501
300595,sz,370503
300596,sz,220309
300597,sz,730103
300598,sz,710401
300599,sz,610302
300600,sz,650401
300601,sz,370303
300602,sz,270504
300603,sz,730103
300604,sz,270108
300605,sz,710401
300606,sz,640103
300607,sz,640701
300608,sz,710401
300609,sz,710301
300610,sz,220309
300611,sz,280203
300612,sz,720501
300613,sz,270104
300614,sz,760103
300615,sz,730206
300616,sz,360308
300617,sz,630801
300618,sz,240601
300619,sz,630703
300620,sz,730204
300621,sz,620201
300622,sz,450401
300623,sz,270102
300624,sz,710402
300625,sz,330501
300626,sz,630101
300627,sz,730206
300628,sz,730206
300629,sz,650501
300631,sz,760201
300632,sz,270302
300633,sz,370502
300634,sz,710301
300635,sz,620601
300636,sz,370101
300637,sz,220309
300638,sz,730206
300639,sz,370504
300640,sz,360311
300641,sz,220309
300642,sz,370504
300643,sz,280205
300644,sz,220503
300645,sz,710103
300647,sz,270504
300648,sz,630703
300649,sz,620307
300650,sz,270401
300651,sz,360502
300652,sz,280204
300653,sz,370503
300654,sz,720901
300655,sz,270601
300656,sz,270401
300657,sz,270202
300658,sz,770101
300659,sz,710103
300660,sz,630101
300661,sz,270105
300662,sz,460801
300663,sz,710401
300664,sz,760102
300665,sz,220305
300666,sz,270103
300667,sz,640107
300668,sz,620601
300669,sz,640204
300670,sz,630802
300671,sz,270105
300672,sz,270104
300673,sz,110404
300674,sz,710301
300675,sz,620601
300676,sz,370602
300677,sz,370503
300678,sz,710301
300679,sz,270504
300680,sz,280203
300681,sz,280206
300682,sz,710301
300683,sz,370603
300684,sz,270601
300685,sz,370504
300686,sz,270504
300687,sz,710301
300688,sz,461102
300689,sz,730206
300690,sz,630602
300691,sz,710102
300692,sz,760102
300693,sz,630306
300694,sz,280203
300695,sz,280204
300696,sz,650201
300697,sz,240302
300698,sz,730204
300699,sz,650201
300700,sz,640103
300701,sz,270303
300702,sz,370101
300703,sz,360501
300705,sz,370102
300706,sz,270103
300707,sz,280205
300708,sz,270302
300709,sz,270504
300710,sz,730204
300711,sz,730207
300712,sz,620404
300713,sz,630306
300715,sz,610304
300716,sz,630502
300717,sz,220501
300718,sz,640108
300719,sz,650201
300720,sz,640107
300721,sz,220309
300722,sz,650101
300723,sz,370102
300724,sz,630505
300725,sz,370603
300726,sz,650501
300727,sz,220316
300729,sz,360311
300730,sz,710401
300731,sz,220602
300732,sz,620601
300733,sz,280203
300735,sz,270504
300736,sz,270401
300737,sz,610304
300738,sz,730104
300739,sz,270202
300740,sz,770202
300741,sz,220315
300743,sz,710103
300745,sz,280206
300746,sz,620601
300747,sz,640703
300748,sz,240202
300749,sz,360308
300750,sz,630701
300751,sz,630505
300752,sz,270302
300753,sz,370502
300755,sz,450401
300756,sz,640209
300757,sz,640704
300758,sz,220305
300759,sz,370603
300760,sz,370502
300761,sz,110703
300762,sz,650501
300763,sz,630503
300765,sz,370101
300766,sz,710402
300767,sz,220602
300768,sz,710402
300769,sz,630702
300770,sz,721001
300771,sz,710103
300772,sz,630601
300773,sz,490306
300774,sz,760102
300775,sz,650201
300776,sz,630505
300777,sz,650201
300778,sz,620601
300779,sz,760103
300780,sz,640108
300781,sz,720501
300782,sz,270105
300783,sz,340801
300784,sz,270504
300785,sz,720704
300786,sz,760201
300787,sz,270504
300788,sz,720902
300789,sz,710103
300790,sz,710102
300791,sz,340407
300792,sz,450603
300793,sz,270504
300795,sz,460803
300796,sz,220803
300797,sz,460802
300798,sz,220308
300800,sz,760201
300801,sz,220309
300802,sz,640704
300803,sz,710401
300804,sz,220803
300805,sz,720501
300806,sz,220505
300807,sz,710103
300808,sz,270302
300809,sz,640101
300810,sz,650401
300811,sz,240202
300812,sz,270504
300813,sz,640209
300814,sz,270202
300815,sz,760103
300816,sz,280205
300817,sz,640108
300818,sz,640103
300819,sz,350106
300820,sz,630306
300821,sz,220316
300822,sz,270504
300823,sz,640209
300824,sz,330301
300825,sz,280303
300826,sz,620601
300827,sz,630503
300828,sz,640108
300829,sz,220315
300830,sz,710401
300831,sz,270102
300832,sz,370504
300833,sz,640209
300834,sz,220503
300835,sz,240202
300836,sz,640209
300837,sz,640203
300838,sz,640108
300839,sz,750303
300840,sz,350209
300841,sz,370303
300842,sz,630504
300843,sz,270504
300844,sz,620601
300845,sz,710103
300846,sz,710301
300847,sz,710103
300848,sz,220313
300849,sz,770201
300850,sz,630602
300851,sz,640501
300852,sz,270202
300853,sz,630803
300854,sz,760103
300855,sz,240201
300856,sz,770201
300857,sz,270504
300858,sz,220315
300859,sz,461003
300860,sz,460803
300861,sz,640103
300862,sz,640107
300863,sz,280206
300864,sz,760104
300865,sz,640203
300866,sz,270503
300867,sz,760103
300868,sz,270504
300869,sz,370502
300870,sz,630306
300871,sz,110801
300872,sz,710301
300873,sz,420803
300875,sz,650301
300876,sz,220404
300877,sz,350106
300878,sz,370201
300879,sz,640207
300880,sz,630804
300881,sz,230501
300882,sz,630804
300883,sz,360205
300884,sz,710102
300885,sz,640108
300886,sz,770201
300887,sz,460802
300888,sz,770101
300889,sz,270302
300890,sz,630702
300891,sz,220206
300892,sz,340702
300893,sz,280202
300894,sz,330401
300895,sz,710301
300896,sz,770301
300897,sz,640107
300898,sz,340702
300899,sz,760102
300900,sz,650201
300901,sz,350209
300902,sz,640209
300903,sz,270202
300904,sz,630602
300905,sz,220404
300906,sz,640107
300907,sz,630101
300908,sz,340901
300909,sz,270301
300910,sz,220309
300911,sz,330401
300912,sz,280205
300913,sz,730205
300915,sz,340702
300916,sz,270504
300917,sz,430301
300918,sz,350106
300919,sz,630702
300920,sz,220501
300921,sz,730104
300922,sz,650301
300923,sz,640501
300925,sz,710401
300926,sz,280205
300927,sz,220204
300928,sz,280206
300929,sz,760102
300930,sz,240201
300931,sz,640204
300932,sz,630802
300933,sz,630805
300935,sz,710401
300936,sz,270202
300937,sz,370402
300938,sz,460802
300939,sz,270301
300940,sz,270302
300941,sz,710103
300942,sz,370504
300943,sz,640108
300945,sz,350301
300946,sz,640108
300947,sz,450304
300948,sz,620307
300949,sz,620307
300950,sz,640203
300951,sz,270504
300952,sz,350205
300953,sz,630701
300955,sz,770201
300956,sz,270504
300957,sz,770202
300958,sz,760104
300959,sz,730104
300960,sz,640501
300961,sz,760102
300962,sz,460804
300963,sz,240201
300964,sz,270202
300965,sz,650201
300966,sz,370101
300967,sz,110703
300968,sz,270504
300969,sz,280205
300970,sz,110104
300971,sz,640209
300972,sz,340801
300973,sz,340802
300975,sz,270203
300976,sz,270504
300977,sz,620601
300978,sz,280202
300979,sz,350107
300980,sz,220501
300981,sz,370503
300982,sz,620306
300983,sz,620601
300984,sz,640106
300985,sz,640108
300986,sz,620404
300987,sz,720704
300988,sz,640209
300989,sz,620601
300990,sz,640105
300991,sz,270401
300992,sz,640106
300993,sz,360311
300994,sz,280401
300995,sz,220503
300996,sz,710401
300997,sz,340701
300998,sz,280205
300999,sz,110502
301000,sz,280205
301001,sz,450603
301002,sz,630801
301003,sz,220503
301004,sz,360311
301005,sz,280205
301006,sz,640107
301007,sz,280203
301008,sz,330601
301009,sz,770101
301010,sz,610303
301011,sz,360502
301012,sz,630801
301013,sz,640209
301015,sz,370402
301016,sz,640501
301017,sz,370403
301018,sz,640105
301019,sz,220501
301020,sz,280203
301021,sz,640703
301022,sz,280205
301023,sz,630101
301024,sz,620601
301025,sz,720902
301026,sz,240504
301027,sz,620601
301028,sz,640106
301029,sz,640704
301030,sz,760201
301031,sz,270401
301032,sz,640106
301033,sz,370503
301035,sz,220803
301036,sz,220305
301037,sz,220305
301038,sz,620601
301039,sz,280601
301040,sz,630602
301041,sz,270202
301042,sz,710102
301043,sz,640105
301045,sz,270301
301046,sz,620404
301047,sz,370304
301048,sz,640501
301049,sz,760103
301050,sz,650501
301051,sz,270504
301052,sz,720902
301053,sz,640206
301055,sz,360311
301056,sz,640204
301057,sz,220401
301058,sz,620601
301059,sz,220309
301060,sz,370602
301061,sz,360307
301062,sz,360205
301063,sz,640203
301065,sz,370101
301066,sz,350106
301067,sz,270504
301068,sz,760103
301069,sz,220204
301070,sz,640105
301071,sz,220901
301072,sz,280203
301073,sz,460901
301075,sz,370102
301076,sz,220309
301077,sz,220309
301078,sz,450401
301079,sz,640602
301080,sz,370304
301081,sz,760201
301082,sz,630805
301083,sz,640209
301085,sz,710301
301086,sz,270504
301087,sz,370503
301088,sz,350209
301089,sz,370101
301090,sz,220501
301091,sz,620601
301092,sz,220504
301093,sz,370503
301095,sz,710401
301096,sz,370603
301097,sz,370503
301098,sz,620307
301099,sz,270401
301100,sz,220309
301101,sz,360501
301102,sz,720502
301103,sz,370604
301105,sz,640208
301106,sz,270301
301107,sz,640106
301108,sz,770101
301109,sz,760103
301110,sz,450603
301111,sz,370201
301112,sz,640701
301113,sz,360311
301115,sz,460802
301116,sz,110703
301117,sz,710102
301118,sz,220204
301119,sz,280203
301120,sz,630801
301121,sz,630701
301122,sz,370503
301123,sz,270504
301125,sz,640106
301126,sz,370402
301127,sz,760102
301128,sz,640209
301129,sz,640107
301130,sz,370102
301131,sz,220503
301132,sz,270202
301133,sz,280202
301135,sz,330601
301136,sz,620601
301137,sz,640108
301138,sz,640208
301139,sz,730103
301141,sz,240202
301148,sz,760102
301149,sz,220309
301150,sz,630701
301151,sz,640108
301152,sz,630702
301153,sz,710401
301155,sz,630602
301156,sz,220315
301157,sz,630306
301158,sz,640203
301159,sz,710401
301160,sz,230501
301161,sz,640602
301162,sz,710401
301163,sz,630602
301165,sz,730204
301166,sz,370304
301167,sz,620601
301168,sz,630502
301169,sz,460804
301170,sz,280203
301171,sz,720501
301172,sz,710301
301175,sz,760103
301176,sz,270202
301177,sz,350301
301178,sz,710301
301179,sz,630803
301180,sz,270504
301181,sz,280205
301182,sz,710102
301183,sz,270303
301185,sz,710301
301186,sz,280205
301187,sz,330302
301188,sz,370503
301189,sz,270503
301190,sz,220204
301191,sz,730206
301192,sz,280203
301193,sz,360311
301195,sz,710401
301196,sz,220501
301197,sz,640107
301198,sz,360204
301199,sz,640701
301200,sz,640209
301201,sz,370603
301202,sz,730207
301203,sz,760102
301205,sz,730204
301206,sz,220315
301207,sz,370303
301208,sz,710301
301209,sz,220305
301210,sz,630701
301211,sz,370101
301212,sz,220309
301213,sz,650501
301215,sz,280303
301216,sz,220501
301217,sz,630701
301218,sz,710301
301219,sz,240601
301220,sz,220315
301221,sz,280206
301222,sz,630705
301223,sz,360205
301225,sz,280203
301226,sz,630101
301227,sz,360308
301228,sz,460802
301229,sz,280203
301230,sz,370603
301231,sz,720902
301232,sz,630602
301233,sz,280205
301234,sz,370503
301235,sz,370502
301236,sz,710301
301237,sz,220505
301238,sz,630702
301239,sz,370604
301246,sz,370101
301248,sz,710301
301251,sz,270202
301252,sz,330601
301255,sz,640108
301256,sz,220203
301257,sz,370603
301258,sz,370101
301259,sz,760104
301260,sz,640207
301261,sz,640108
301262,sz,721001
301263,sz,370102
301265,sz,760103
301266,sz,630504
301267,sz,370604
301268,sz,640108
301269,sz,710401
301270,sz,710402
301272,sz,640105
301273,sz,640106
301276,sz,350209
301277,sz,370101
301278,sz,630502
301279,sz,640602
301280,sz,330601
301281,sz,370101
301282,sz,270202
301283,sz,220317
301285,sz,270504
301286,sz,220309
301287,sz,360502
301288,sz,760201
301289,sz,460802
301290,sz,370502
301291,sz,630802
301292,sz,630702
301293,sz,370604
301295,sz,630801
301296,sz,360205
301297,sz,270108
301298,sz,280205
301299,sz,720704
301300,sz,220603
301301,sz,370101
301302,sz,650501
301303,sz,640107
301305,sz,760103
301306,sz,650501
301307,sz,730204
301308,sz,270104
301309,sz,640108
301310,sz,280206
301311,sz,640106
301312,sz,640704
301313,sz,720706
301314,sz,730204
301315,sz,710402
301316,sz,710301
301317,sz,640106
301318,sz,710102
301319,sz,270601
301320,sz,640702
301321,sz,270301
301322,sz,280401
301323,sz,240202
301325,sz,630703
301326,sz,270504
301327,sz,630701
301328,sz,270401
301329,sz,270504
301330,sz,710102
301331,sz,370201
301332,sz,330302
301333,sz,370603
301335,sz,360502
301336,sz,360307
301337,sz,710401
301338,sz,640209
301339,sz,710103
301345,sz,280402
301348,sz,270107
301349,sz,630702
301353,sz,640106
301355,sz,360205
301356,sz,360306
301357,sz,650301
301358,sz,630702
301359,sz,270401
301360,sz,640107
301361,sz,630802
301362,sz,330501
301363,sz,370502
301365,sz,620601
301366,sz,270202
301367,sz,370502
301368,sz,640108
301369,sz,270108
301370,sz,370503
301371,sz,770202
301372,sz,760102
301373,sz,220309
301376,sz,360307
301377,sz,640108
301378,sz,710401
301379,sz,270301
301380,sz,730104
301381,sz,450602
301382,sz,730104
301383,sz,270504
301386,sz,630802
301387,sz,270504
301388,sz,630802
301389,sz,270504
301390,sz,620601
301391,sz,710103
301392,sz,640209
301393,sz,370304
301395,sz,220504
301396,sz,710301
301397,sz,280203
301398,sz,280202
301399,sz,640105
301408,sz,370403
301413,sz,640107
301418,sz,640702
301419,sz,730204
301421,sz,270303
301428,sz,730104
301429,sz,610303
301439,sz,630805
301446,sz,640602
301448,sz,640106
301456,sz,630602
301458,sz,270203
301459,sz,220602
301468,sz,640106
301469,sz,360103
301486,sz,270504
301487,sz,630702
301488,sz,280206
301489,sz,270601
301498,sz,110404
301499,sz,280206
301500,sz,760103
301502,sz,630101
301503,sz,710103
301505,sz,620601
301507,sz,370102
301508,sz,460802
301509,sz,370603
301510,sz,640702
301511,sz,630701
301512,sz,640704
301515,sz,370502
301516,sz,630306
301517,sz,650501
301518,sz,220309
301519,sz,760102
301520,sz,370603
301522,sz,240201
301525,sz,640105
301526,sz,610202
301528,sz,640107
301529,sz,280202
301533,sz,640207
301536,sz,270104
301538,sz,220503
301539,sz,280204
301548,sz,640108
301550,sz,280203
301551,sz,721001
301552,sz,280202
301555,sz,220504
301556,sz,710301
301558,sz,450602
301559,sz,640108
301565,sz,220505
301566,sz,270203
301567,sz,270504
301568,sz,640704
301571,sz,650501
301577,sz,730204
301578,sz,330202
301580,sz,370503
301581,sz,280206
301585,sz,220308
301586,sz,650201
301587,sz,630701
301588,sz,360306
301589,sz,710103
301591,sz,220501
301592,sz,650501
301596,sz,640108
301598,sz,640209
301600,sz,710103
301601,sz,640203
301602,sz,370502
301603,sz,640101
301606,sz,270503
301607,sz,280206
301608,sz,710103
301611,sz,270103
301613,sz,280205
301617,sz,220309
301618,sz,220308
301622,sz,240202
301626,sz,270504
301628,sz,270202
301631,sz,280206
301633,sz,640702
302132,sz,650501
600000,sh,480301
600004,sh,421002
600006,sh,280601
600007,sh,430102
600008,sh,760102
600009,sh,421002
600010,sh,230402
600011,sh,410101
600012,sh,420901
600015,sh,480301
600016,sh,480301
600017,sh,421102
600018,sh,421102
600019,sh,230402
600020,sh,420901
600021,sh,410101
600022,sh,230402
600023,sh,410101
600025,sh,410102
600026,sh,421101
600027,sh,410101
600028,sh,750301
600029,sh,421001
600030,sh,490101
600031,sh,640601
600032,sh,410106
600033,sh,420901
600035,sh,420901
600036,sh,480301
600037,sh,721001
600038,sh,650201
600039,sh,620306
600048,sh,430101
600050,sh,730102
600051,sh,510101
600052,sh,410104
600053,sh,490307
600054,sh,461003
600055,sh,370502
600056,sh,370402
600057,sh,420802
600058,sh,450201
600059,sh,340602
600060,sh,330201
600061,sh,490101
600062,sh,370102
600063,sh,220404
600064,sh,430101
600066,sh,280602
600067,sh,630805
600071,sh,270303
600072,sh,630602
600073,sh,340401
600075,sh,220202
600076,sh,360206
600078,sh,220802
600079,sh,370102
600080,sh,370201
600081,sh,280202
600082,sh,430103
600084,sh,340602
600085,sh,370201
600088,sh,720601
600089,sh,630801
600094,sh,430101
600095,sh,490101
600096,sh,220802
600097,sh,110201
600098,sh,410101
600099,sh,280401
600100,sh,710103
600101,sh,410110
600103,sh,360103
600104,sh,280502
600105,sh,730205
600106,sh,420901
600107,sh,350209
600108,sh,110103
600109,sh,490101
600110,sh,630701
600111,sh,240501
600113,sh,450304
600114,sh,640108
600115,sh,421001
600116,sh,410110
600117,sh,230501
600118,sh,650101
600119,sh,420805
600120,sh,490302
600121,sh,740101
600123,sh,740102
600125,sh,420903
600126,sh,230402
600127,sh,110502
600128,sh,450201
600129,sh,370201
600130,sh,270504
600131,sh,710301
600132,sh,340601
600133,sh,760104
600135,sh,220505
600136,sh,430301
600137,sh,350209
600138,sh,461002
600141,sh,220802
600143,sh,220503
600148,sh,280203
600149,sh,410104
600150,sh,650401
600151,sh,630502
600152,sh,630701
600153,sh,420802
600155,sh,490101
600156,sh,350106
600157,sh,740102
600158,sh,460601
600159,sh,430101
600160,sh,220311
600161,sh,370302
600162,sh,430101
600163,sh,410107
600165,sh,220309
600166,sh,280601
600167,sh,410104
600168,sh,760102
600169,sh,640203
600170,sh,620101
600171,sh,270105
600172,sh,640103
600173,sh,430101
600176,sh,610202
600177,sh,350209
600178,sh,280203
600179,sh,421101
600180,sh,420802
600182,sh,280204
600183,sh,270202
600184,sh,650301
600185,sh,430101
600186,sh,340901
600187,sh,760102
600188,sh,740101
600189,sh,340701
600191,sh,110504
600192,sh,630801
600193,sh,620201
600195,sh,110801
600196,sh,370102
600197,sh,340501
600198,sh,730206
600199,sh,340501
600200,sh,370102
600201,sh,110801
600202,sh,640105
600203,sh,270504
600206,sh,270103
600207,sh,630504
600208,sh,430101
600210,sh,360204
600211,sh,370304
600212,sh,630306
600215,sh,640701
600216,sh,370101
600217,sh,760103
600218,sh,280203
600219,sh,240301
600221,sh,421001
600222,sh,370201
600223,sh,770202
600226,sh,410104
600227,sh,220801
600228,sh,720704
600229,sh,720902
600230,sh,220313
600231,sh,230401
600232,sh,640206
600233,sh,420804
600234,sh,620201
600235,sh,360103
600236,sh,410102
600237,sh,270203
600238,sh,340602
600239,sh,430102
600241,sh,630701
600243,sh,640106
600246,sh,430101
600248,sh,620101
600249,sh,770102
600250,sh,450201
600251,sh,110501
600252,sh,370201
600255,sh,240201
600256,sh,750302
600257,sh,110202
600258,sh,460901
600259,sh,240501
600261,sh,330501
600262,sh,640203
600265,sh,110301
600266,sh,430101
600267,sh,370102
600268,sh,630803
600269,sh,420901
600271,sh,710301
600272,sh,370402
600273,sh,220309
600276,sh,370102
600278,sh,450201
600279,sh,421102
600280,sh,450301
600281,sh,240504
600282,sh,230402
600283,sh,760102
600284,sh,620306
600285,sh,370201
600287,sh,450201
600288,sh,710402
600289,sh,730103
600292,sh,760101
600293,sh,610201
600295,sh,230302
600298,sh,340901
600299,sh,220315
600300,sh,340701
600301,sh,240504
600302,sh,640206
600303,sh,280602
600305,sh,340901
600307,sh,230402
600308,sh,360102
600309,sh,220313
600310,sh,410110
600312,sh,630801
600313,sh,110101
600315,sh,770202
600316,sh,650201
600318,sh,490302
600319,sh,220202
600320,sh,640203
600322,sh,430101
600323,sh,760103
600325,sh,430101
600326,sh,610101
600327,sh,450301
600328,sh,220203
600329,sh,370201
600330,sh,270601
600331,sh,220802
600332,sh,370201
600333,sh,410301
600335,sh,280302
600336,sh,330106
600337,sh,360307
600338,sh,240303
600339,sh,750202
600340,sh,430103
600343,sh,640106
600345,sh,730207
600346,sh,750301
600348,sh,740102
600350,sh,420901
600351,sh,370201
600352,sh,220308
600353,sh,270401
600354,sh,110101
600355,sh,730206
600356,sh,360103
600358,sh,720501
600359,sh,110103
600360,sh,270102
600361,sh,240301
600362,sh,240302
600363,sh,270504
600365,sh,450601
600366,sh,240202
600367,sh,220203
600368,sh,420901
600369,sh,490101
600370,sh,220401
600371,sh,110101
600372,sh,650201
600373,sh,720902
600375,sh,280601
600376,sh,430101
600377,sh,420901
600378,sh,220311
600379,sh,630801
600380,sh,370102
600381,sh,340407
600382,sh,230301
600383,sh,430101
600386,sh,280302
600388,sh,760201
600389,sh,220803
600390,sh,490302
600391,sh,650201
600392,sh,240501
600395,sh,740102
600396,sh,410101
600397,sh,740101
600398,sh,350209
600399,sh,230501
600400,sh,350209
600403,sh,740101
600405,sh,630306
600406,sh,630803
600408,sh,740201
600409,sh,220201
600410,sh,710301
600415,sh,450304
600416,sh,630101
600418,sh,280601
600419,sh,340702
600420,sh,370102
600421,sh,640108
600422,sh,370201
600423,sh,220204
600425,sh,610101
600426,sh,220801
600428,sh,421101
600429,sh,340702
600433,sh,360103
600435,sh,650301
600436,sh,370201
600438,sh,630501
600439,sh,350303
600444,sh,640209
600446,sh,710301
600448,sh,350104
600449,sh,610101
600452,sh,410110
600455,sh,710401
600456,sh,240504
600458,sh,640501
600459,sh,240504
600460,sh,270102
600461,sh,760102
600463,sh,430103
600467,sh,110202
600468,sh,630802
600469,sh,280204
600470,sh,220802
600475,sh,410104
600476,sh,710301
600477,sh,620401
600478,sh,630701
600479,sh,370201
600480,sh,280205
600481,sh,630501
600482,sh,630306
600483,sh,410110
600486,sh,220803
600487,sh,730205
600488,sh,370101
600489,sh,240401
600490,sh,240302
600491,sh,620101
600493,sh,350102
600495,sh,640501
600496,sh,620401
600497,sh,240303
600498,sh,730204
600499,sh,640209
600500,sh,220309
600501,sh,640209
600502,sh,620306
600503,sh,430101
600505,sh,410110
600506,sh,750301
600507,sh,230501
600508,sh,740102
600509,sh,410101
600510,sh,430101
600511,sh,370402
600512,sh,620306
600513,sh,370102
600515,sh,430101
600516,sh,230302
600517,sh,490304
600518,sh,370201
600519,sh,340501
600520,sh,640209
600521,sh,370102
600522,sh,730205
600523,sh,280205
600525,sh,630801
600526,sh,760201
600527,sh,350106
600528,sh,640501
600529,sh,370503
600530,sh,340407
600531,sh,240303
600533,sh,430101
600535,sh,370201
600536,sh,710301
600537,sh,630502
600538,sh,370402
600539,sh,450603
600540,sh,110103
600543,sh,340602
600545,sh,640206
600546,sh,740101
600547,sh,240401
600548,sh,420901
600549,sh,240502
600550,sh,630801
600551,sh,720902
600552,sh,270301
600556,sh,720501
600557,sh,370201
600558,sh,640108
600559,sh,340501
600560,sh,640203
600561,sh,420902
600562,sh,650501
600563,sh,270203
600566,sh,370201
600567,sh,360102
600568,sh,370604
600569,sh,230402
600570,sh,710401
600571,sh,710301
600572,sh,370201
600573,sh,340601
600575,sh,740101
600576,sh,461003
600577,sh,630805
600578,sh,410101
600579,sh,640209
600580,sh,630101
600581,sh,230402
600582,sh,640203
600583,sh,750202
600584,sh,270107
600585,sh,610101
600586,sh,610201
600587,sh,370502
600588,sh,710402
600589,sh,710301
600590,sh,650501
600592,sh,640108
600593,sh,461002
600594,sh,370201
600595,sh,240301
600596,sh,220803
600597,sh,340702
600598,sh,110102
600599,sh,490302
600600,sh,340601
600601,sh,270202
600602,sh,710401
600603,sh,420802
600604,sh,430103
600605,sh,450304
600606,sh,430101
600608,sh,450201
600609,sh,280202
600610,sh,220204
600611,sh,420902
600612,sh,350301
600613,sh,370102
600615,sh,240301
600616,sh,340602
600617,sh,410301
600618,sh,220202
600619,sh,330601
600620,sh,510101
600621,sh,490101
600622,sh,430101
600623,sh,220205
600624,sh,370102
600626,sh,280202
600628,sh,450301
600629,sh,620601
600630,sh,350209
600633,sh,720401
600635,sh,410301
600636,sh,461103
600637,sh,721001
600638,sh,430101
600639,sh,430103
600640,sh,720706
600641,sh,430101
600642,sh,410101
600643,sh,490302
600644,sh,410110
600645,sh,370504
600648,sh,430103
600649,sh,430101
600650,sh,420902
600651,sh,280206
600653,sh,280302
600654,sh,710401
600655,sh,450304
600657,sh,430101
600658,sh,430103
600660,sh,280202
600661,sh,461102
600662,sh,460801
600663,sh,430102
600664,sh,370102
600665,sh,430101
600666,sh,270301
600667,sh,620601
600668,sh,610101
600671,sh,370201
600673,sh,510101
600674,sh,410102
600675,sh,430101
600676,sh,280303
600678,sh,610101
600679,sh,280401
600681,sh,410301
600682,sh,510101
600683,sh,430101
600684,sh,430303
600685,sh,650401
600686,sh,280602
600688,sh,750301
600689,sh,510101
600690,sh,330106
600691,sh,220801
600692,sh,430101
600693,sh,450301
600694,sh,450303
600696,sh,340501
600697,sh,450303
600698,sh,280203
600699,sh,280206
600702,sh,340501
600703,sh,270302
600704,sh,420802
600706,sh,461002
600707,sh,270301
600708,sh,430101
600710,sh,450201
600711,sh,240601
600712,sh,450301
600713,sh,370402
600714,sh,220203
600715,sh,720401
600716,sh,430101
600717,sh,421102
600718,sh,710301
600719,sh,410104
600720,sh,620601
600721,sh,370603
600722,sh,220205
600724,sh,430302
600725,sh,740201
600726,sh,410101
600727,sh,220206
600728,sh,710301
600729,sh,450303
600730,sh,461102
600731,sh,220803
600732,sh,630502
600733,sh,280501
600734,sh,730206
600735,sh,350303
600736,sh,430101
600737,sh,110504
600738,sh,450301
600739,sh,370303
600740,sh,740201
600741,sh,280202
600742,sh,280202
600743,sh,430101
600744,sh,410101
600745,sh,270102
600746,sh,220205
600748,sh,430101
600749,sh,461003
600750,sh,370201
600751,sh,421101
600753,sh,420802
600754,sh,460901
600755,sh,420802
600756,sh,710301
600757,sh,720901
600758,sh,740102
600759,sh,750101
600760,sh,650201
600761,sh,640601
600763,sh,370604
600764,sh,650401
600765,sh,650201
600768,sh,240301
600769,sh,760102
600770,sh,510101
600771,sh,370201
600773,sh,430101
600774,sh,370102
600775,sh,730206
600776,sh,730207
600777,sh,750101
600778,sh,450303
600779,sh,340501
600780,sh,410101
600782,sh,230402
600783,sh,640103
600784,sh,220203
600785,sh,450303
600787,sh,420806
600789,sh,370102
600790,sh,450304
600791,sh,430101
600792,sh,740201
600793,sh,360103
600794,sh,420806
600795,sh,410101
600796,sh,760102
600797,sh,710301
600798,sh,421101
600800,sh,750303
600801,sh,610101
600802,sh,610101
600803,sh,410301
600805,sh,510101
600807,sh,370504
600808,sh,230402
600809,sh,340501
600810,sh,220406
600812,sh,370102
600814,sh,450301
600815,sh,640601
600816,sh,490304
600817,sh,760201
600818,sh,280401
600819,sh,610201
600820,sh,620306
600821,sh,410106
600822,sh,280302
600824,sh,450303
600825,sh,720902
600826,sh,460803
600827,sh,450303
600828,sh,450301
600829,sh,370402
600830,sh,490302
600831,sh,721001
600833,sh,370403
600834,sh,420902
600835,sh,640204
600838,sh,450303
600839,sh,330201
600841,sh,280203
600843,sh,640206
600844,sh,220205
600845,sh,710301
600846,sh,620601
600847,sh,630705
600848,sh,430103
600850,sh,710301
600851,sh,370102
600853,sh,620306
600854,sh,430101
600855,sh,650501
600857,sh,450301
600858,sh,450303
600859,sh,450301
600860,sh,640108
600861,sh,460801
600862,sh,650201
600863,sh,410101
600864,sh,490101
600865,sh,450301
600866,sh,220315
600867,sh,370304
600868,sh,410102
600869,sh,630805
600871,sh,750201
600872,sh,340901
600873,sh,220315
600874,sh,760102
600875,sh,630301
600876,sh,610201
600877,sh,270105
600879,sh,650101
600880,sh,461103
600881,sh,510101
600882,sh,340702
600883,sh,110104
600884,sh,630702
600885,sh,630803
600886,sh,410102
600887,sh,340702
600888,sh,240301
600889,sh,220403
600892,sh,720401
600893,sh,650201
600894,sh,640204
600895,sh,430103
600897,sh,421002
600900,sh,410102
600901,sh,490305
600903,sh,410301
600905,sh,410107
600906,sh,490101
600908,sh,480501
600909,sh,490101
600916,sh,350301
600917,sh,410301
600918,sh,490101
600919,sh,480401
600925,sh,740101
600926,sh,480401
600927,sh,490303
600928,sh,480401
600929,sh,220203
600933,sh,280203
600935,sh,220202
600936,sh,721001
600938,sh,750101
600939,sh,620101
600941,sh,730102
600955,sh,220204
600956,sh,410107
600958,sh,490101
600959,sh,721001
600960,sh,280203
600961,sh,240303
600962,sh,110501
600963,sh,360102
600965,sh,110704
600966,sh,360102
600967,sh,650301
600968,sh,750201
600969,sh,410110
600970,sh,620403
600971,sh,740101
600973,sh,630805
600975,sh,110702
600976,sh,370201
600977,sh,720601
600979,sh,410110
600980,sh,640203
600981,sh,450201
600982,sh,410104
600983,sh,330106
600984,sh,640601
600985,sh,740102
600986,sh,720501
600987,sh,350104
600988,sh,240401
600989,sh,220205
600990,sh,650501
600992,sh,640108
600993,sh,370201
600995,sh,410110
600996,sh,721001
600997,sh,740102
600998,sh,370402
600999,sh,490101
601000,sh,421102
601001,sh,740101
601002,sh,640108
601003,sh,230402
601005,sh,230402
601006,sh,420903
601007,sh,460901
601008,sh,421102
601009,sh,480401
601010,sh,450303
601011,sh,740201
601012,sh,630502
601015,sh,740201
601016,sh,410107
601018,sh,421102
601019,sh,720901
601020,sh,240303
601021,sh,421001
601022,sh,421101
601033,sh,760103
601038,sh,640207
601058,sh,280204
601059,sh,490101
601061,sh,450201
601065,sh,220201
601066,sh,490101
601068,sh,620404
601069,sh,240401
601077,sh,480501
601083,sh,421101
601086,sh,450301
601088,sh,740101
601089,sh,370102
601096,sh,620401
601098,sh,720901
601099,sh,490101
601100,sh,640602
601101,sh,740101
601106,sh,640203
601107,sh,420901
601108,sh,490101
601111,sh,421001
601113,sh,220406
601116,sh,450302
601117,sh,620402
601118,sh,110103
601121,sh,230301
601126,sh,630803
601127,sh,280501
601128,sh,480501
601133,sh,620404
601136,sh,490101
601137,sh,240201
601138,sh,270504
601139,sh,410301
601155,sh,430102
601156,sh,420805
601158,sh,760102
601162,sh,490101
601163,sh,280204
601166,sh,480301
601168,sh,240302
601169,sh,480401
601177,sh,640108
601179,sh,630801
601186,sh,620306
601187,sh,480401
601188,sh,420901
601198,sh,490101
601199,sh,760102
601200,sh,760103
601208,sh,220505
601211,sh,490101
601212,sh,240302
601216,sh,220202
601218,sh,630602
601222,sh,410106
601225,sh,740101
601226,sh,620404
601228,sh,421102
601229,sh,480401
601231,sh,270504
601233,sh,750303
601236,sh,490101
601238,sh,280502
601279,sh,280205
601288,sh,480201
601298,sh,421102
601311,sh,630705
601318,sh,490201
601319,sh,490201
601326,sh,421102
601328,sh,480201
601330,sh,760103
601333,sh,420903
601336,sh,490201
601339,sh,350102
601360,sh,710402
601366,sh,450303
601368,sh,760102
601369,sh,640203
601375,sh,490101
601377,sh,490101
601388,sh,240301
601390,sh,620306
601398,sh,480201
601399,sh,640203
601456,sh,490101
601500,sh,280204
601512,sh,430103
601515,sh,360205
601518,sh,420901
601519,sh,710401
601528,sh,480501
601555,sh,490101
601566,sh,350209
601567,sh,630802
601568,sh,220202
601577,sh,480401
601579,sh,340602
601588,sh,430101
601595,sh,720601
601598,sh,420805
601599,sh,350106
601600,sh,240301
601601,sh,490201
601606,sh,650301
601607,sh,370402
601608,sh,640203
601609,sh,240302
601611,sh,620306
601615,sh,630601
601616,sh,630802
601618,sh,620404
601619,sh,410107
601628,sh,490201
601633,sh,280502
601636,sh,610201
601658,sh,480201
601665,sh,480401
601666,sh,740102
601668,sh,620101
601669,sh,620306
601677,sh,240301
601678,sh,220202
601686,sh,230403
601688,sh,490101
601689,sh,280203
601696,sh,490101
601698,sh,650101
601699,sh,740102
601700,sh,630805
601702,sh,240301
601717,sh,640203
601718,sh,350209
601727,sh,630301
601728,sh,730102
601766,sh,640501
601777,sh,280402
601778,sh,410106
601788,sh,490101
601789,sh,620101
601798,sh,640203
601799,sh,280202
601800,sh,620306
601801,sh,720902
601808,sh,750201
601811,sh,720901
601816,sh,420903
601818,sh,480301
601825,sh,480501
601827,sh,760103
601828,sh,450304
601838,sh,480401
601857,sh,750301
601858,sh,720902
601860,sh,480501
601865,sh,630504
601866,sh,421101
601868,sh,620306
601869,sh,730205
601872,sh,421101
601877,sh,630802
601878,sh,490101
601880,sh,421102
601881,sh,490101
601882,sh,640101
601886,sh,620201
601888,sh,450701
601890,sh,650401
601898,sh,740101
601899,sh,240302
601900,sh,720901
601901,sh,490101
601908,sh,410106
601916,sh,480301
601918,sh,740101
601919,sh,421101
601921,sh,720901
601928,sh,720901
601929,sh,721001
601933,sh,450302
601939,sh,480201
601949,sh,720902
601952,sh,110102
601956,sh,330601
601958,sh,240505
601963,sh,480401
601965,sh,280303
601966,sh,280204
601968,sh,360203
601969,sh,230301
601975,sh,421101
601985,sh,410108
601988,sh,480201
601990,sh,490101
601991,sh,410101
601992,sh,610101
601995,sh,490101
601996,sh,360311
601997,sh,480401
601998,sh,480301
601999,sh,720902
603000,sh,720704
603001,sh,350205
603002,sh,270601
603004,sh,220309
603005,sh,270107
603006,sh,280205
603007,sh,620307
603008,sh,360307
603009,sh,280203
603010,sh,220309
603011,sh,640209
603012,sh,640203
603013,sh,280203
603015,sh,640702
603016,sh,630802
603017,sh,620601
603018,sh,620601
603019,sh,710103
603020,sh,220315
603021,sh,360311
603022,sh,360206
603023,sh,280206
603025,sh,640702
603026,sh,630702
603027,sh,340901
603028,sh,640108
603029,sh,640207
603030,sh,620201
603031,sh,630705
603032,sh,630703
603033,sh,220602
603035,sh,280202
603036,sh,640203
603037,sh,280203
603038,sh,610303
603039,sh,710402
603040,sh,280203
603041,sh,220313
603042,sh,730205
603043,sh,340802
603045,sh,240201
603048,sh,280205
603050,sh,630803
603051,sh,220317
603052,sh,270504
603053,sh,410301
603055,sh,350106
603056,sh,420804
603057,sh,340803
603058,sh,360205
603059,sh,770102
603060,sh,460802
603061,sh,270108
603062,sh,220305
603063,sh,630602
603065,sh,220309
603066,sh,420806
603067,sh,220203
603068,sh,270105
603069,sh,420902
603070,sh,630802
603071,sh,740101
603072,sh,240202
603073,sh,220401
603075,sh,330601
603076,sh,640209
603077,sh,220802
603078,sh,270601
603079,sh,220315
603080,sh,410301
603081,sh,640209
603082,sh,640704
603083,sh,730206
603085,sh,280202
603086,sh,220803
603087,sh,370304
603088,sh,640101
603089,sh,280203
603090,sh,640106
603091,sh,360205
603093,sh,490303
603095,sh,640206
603096,sh,720902
603097,sh,630801
603098,sh,620401
603099,sh,461003
603100,sh,640107
603101,sh,450303
603102,sh,340407
603103,sh,720602
603105,sh,410106
603106,sh,710103
603107,sh,280203
603108,sh,370402
603109,sh,280205
603110,sh,220305
603111,sh,640501
603112,sh,330601
603113,sh,220204
603115,sh,240301
603116,sh,350205
603117,sh,420805
603118,sh,730206
603119,sh,280205
603121,sh,280203
603122,sh,370402
603123,sh,450301
603125,sh,220309
603126,sh,760201
603127,sh,370603
603128,sh,420805
603129,sh,280402
603130,sh,350106
603131,sh,640106
603132,sh,240303
603135,sh,640203
603136,sh,461003
603137,sh,620201
603138,sh,710301
603139,sh,370201
603150,sh,220501
603151,sh,110402
603153,sh,620601
603155,sh,220316
603156,sh,340701
603158,sh,280203
603159,sh,640209
603160,sh,270105
603161,sh,280203
603162,sh,421101
603163,sh,620404
603165,sh,360102
603166,sh,280203
603167,sh,421101
603168,sh,370102
603169,sh,640203
603170,sh,340901
603171,sh,710301
603172,sh,220308
603173,sh,640203
603176,sh,620306
603177,sh,760101
603178,sh,280203
603179,sh,280206
603180,sh,360308
603181,sh,220309
603182,sh,110502
603183,sh,460802
603185,sh,630501
603186,sh,270202
603187,sh,640105
603188,sh,220308
603189,sh,710401
603190,sh,280205
603191,sh,630801
603192,sh,220313
603193,sh,770102
603194,sh,640601
603195,sh,360311
603196,sh,350209
603197,sh,280205
603198,sh,340501
603199,sh,461003
603200,sh,760102
603201,sh,280205
603203,sh,640702
603205,sh,370503
603206,sh,730103
603207,sh,370102
603208,sh,360308
603209,sh,421101
603211,sh,280205
603212,sh,630504
603213,sh,220202
603214,sh,450401
603215,sh,330301
603216,sh,360308
603217,sh,220309
603218,sh,630602
603219,sh,330302
603220,sh,730103
603221,sh,360306
603222,sh,370503
603223,sh,750302
603225,sh,220401
603226,sh,360306
603227,sh,220307
603228,sh,270202
603229,sh,370101
603230,sh,720902
603231,sh,110502
603232,sh,710401
603233,sh,370403
603235,sh,220315
603236,sh,730206
603237,sh,340406
603238,sh,350106
603239,sh,280205
603255,sh,220309
603256,sh,610202
603258,sh,720401
603259,sh,370603
603260,sh,220316
603261,sh,650201
603266,sh,280202
603267,sh,650501
603268,sh,360311
603269,sh,640106
603270,sh,640108
603272,sh,360311
603273,sh,640601
603275,sh,640702
603276,sh,220309
603277,sh,640105
603278,sh,640108
603279,sh,640106
603280,sh,640601
603281,sh,220316
603282,sh,760201
603283,sh,640702
603285,sh,220309
603286,sh,280203
603288,sh,340901
603289,sh,640209
603290,sh,270102
603291,sh,760102
603296,sh,270504
603297,sh,270303
603298,sh,640601
603299,sh,220203
603300,sh,490305
603301,sh,370503
603303,sh,330501
603305,sh,280203
603306,sh,280202
603307,sh,350205
603308,sh,640108
603309,sh,370503
603310,sh,220311
603311,sh,330601
603312,sh,630801
603313,sh,360307
603315,sh,760101
603316,sh,620307
603317,sh,340901
603318,sh,410301
603319,sh,280203
603320,sh,630101
603321,sh,640204
603322,sh,730103
603323,sh,480501
603324,sh,760201
603325,sh,640203
603326,sh,360308
603327,sh,270504
603328,sh,270202
603329,sh,420802
603330,sh,220501
603331,sh,640106
603332,sh,220401
603333,sh,630805
603335,sh,280204
603336,sh,110103
603337,sh,640206
603338,sh,640601
603339,sh,640105
603341,sh,270504
603344,sh,630101
603345,sh,340406
603348,sh,280205
603350,sh,630101
603351,sh,370101
603353,sh,750302
603355,sh,330302
603356,sh,640204
603357,sh,620601
603358,sh,280205
603359,sh,620307
603360,sh,220803
603363,sh,110402
603365,sh,350206
603366,sh,330402
603367,sh,370102
603368,sh,370402
603369,sh,340501
603373,sh,460804
603375,sh,270105
603377,sh,461102
603378,sh,610305
603379,sh,220311
603380,sh,270504
603381,sh,630504
603383,sh,710401
603385,sh,360309
603386,sh,270202
603387,sh,370504
603388,sh,620307
603389,sh,360307
603390,sh,280206
603391,sh,640203
603392,sh,370303
603393,sh,410301
603395,sh,220805
603396,sh,630505
603398,sh,630501
603399,sh,240603
603408,sh,360309
603416,sh,640701
603421,sh,730204
603429,sh,360205
603439,sh,370201
603444,sh,720401
603456,sh,370603
603458,sh,620601
603466,sh,720706
603477,sh,110702
603486,sh,330302
603488,sh,640204
603489,sh,630101
603496,sh,710103
603499,sh,360205
603500,sh,640501
603501,sh,270104
603505,sh,220311
603506,sh,430301
603507,sh,630602
603508,sh,710102
603511,sh,350209
603515,sh,330501
603516,sh,710103
603517,sh,340803
603518,sh,350209
603519,sh,330601
603520,sh,370101
603527,sh,240302
603528,sh,710401
603529,sh,280401
603530,sh,630805
603533,sh,720705
603535,sh,420805
603536,sh,340406
603538,sh,370101
603551,sh,330402
603556,sh,630804
603557,sh,350205
603558,sh,350102
603559,sh,730103
603565,sh,421101
603566,sh,110801
603567,sh,370201
603568,sh,760103
603569,sh,420807
603577,sh,630805
603578,sh,330601
603579,sh,330701
603580,sh,220501
603583,sh,640702
603585,sh,220803
603586,sh,280203
603587,sh,350209
603588,sh,760103
603589,sh,340501
603590,sh,370304
603595,sh,270504
603596,sh,280203
603598,sh,720501
603599,sh,220803
603600,sh,360307
603601,sh,610202
603602,sh,730103
603605,sh,770202
603606,sh,630805
603607,sh,360206
603608,sh,350205
603609,sh,110402
603610,sh,360307
603611,sh,640601
603612,sh,220901
603613,sh,450601
603615,sh,360311
603616,sh,610102
603617,sh,640106
603618,sh,630805
603619,sh,750201
603626,sh,270504
603628,sh,630504
603629,sh,270504
603630,sh,770202
603633,sh,270504
603636,sh,710301
603637,sh,620402
603638,sh,640602
603639,sh,220803
603648,sh,420803
603650,sh,220604
603655,sh,280205
603656,sh,640209
603657,sh,330601
603658,sh,370504
603659,sh,630702
603660,sh,710103
603661,sh,360307
603662,sh,640107
603663,sh,220203
603665,sh,350205
603666,sh,640701
603667,sh,640108
603668,sh,110403
603669,sh,370102
603676,sh,370102
603677,sh,330601
603678,sh,650501
603679,sh,270302
603680,sh,640501
603681,sh,220317
603682,sh,450304
603683,sh,220317
603685,sh,270302
603686,sh,760104
603687,sh,360205
603688,sh,220901
603689,sh,410301
603690,sh,270108
603693,sh,410107
603696,sh,340901
603697,sh,340801
603698,sh,640203
603699,sh,640108
603700,sh,640107
603701,sh,280203
603703,sh,270302
603706,sh,410301
603707,sh,370102
603708,sh,450302
603709,sh,360307
603711,sh,340701
603712,sh,650501
603713,sh,420806
603716,sh,370402
603717,sh,110702
603718,sh,110801
603719,sh,340801
603721,sh,720601
603722,sh,220309
603725,sh,360306
603726,sh,330601
603727,sh,750202
603728,sh,630101
603729,sh,720501
603730,sh,280202
603733,sh,360103
603737,sh,610305
603738,sh,270203
603739,sh,220315
603755,sh,340901
603757,sh,640106
603758,sh,280203
603759,sh,760102
603766,sh,280402
603767,sh,280203
603768,sh,280205
603773,sh,270301
603776,sh,280402
603777,sh,340801
603778,sh,620307
603779,sh,340602
603786,sh,280206
603787,sh,280402
603788,sh,280203
603789,sh,640207
603790,sh,220308
603797,sh,760102
603798,sh,750303
603799,sh,240601
603800,sh,640203
603801,sh,360308
603803,sh,730206
603806,sh,630504
603808,sh,350209
603809,sh,280203
603810,sh,220803
603811,sh,370102
603813,sh,420807
603815,sh,620306
603816,sh,360307
603817,sh,760102
603818,sh,360307
603819,sh,630101
603822,sh,220309
603823,sh,220305
603825,sh,720501
603826,sh,220901
603828,sh,620201
603829,sh,630802
603833,sh,360308
603836,sh,420805
603838,sh,360311
603839,sh,350209
603843,sh,620306
603848,sh,360307
603855,sh,640209
603856,sh,610302
603858,sh,370201
603859,sh,710301
603860,sh,620601
603861,sh,630802
603863,sh,360102
603866,sh,340802
603867,sh,220309
603868,sh,330303
603869,sh,710301
603871,sh,420805
603876,sh,240301
603877,sh,350209
603878,sh,230403
603879,sh,220504
603880,sh,370503
603881,sh,730104
603882,sh,370602
603883,sh,370403
603885,sh,421001
603886,sh,340802
603887,sh,710301
603888,sh,720704
603889,sh,350106
603890,sh,270504
603893,sh,270104
603895,sh,640209
603896,sh,370201
603897,sh,630805
603898,sh,360308
603899,sh,360501
603900,sh,350301
603901,sh,640208
603903,sh,760102
603906,sh,630702
603908,sh,350205
603909,sh,620601
603912,sh,640105
603915,sh,640108
603916,sh,220309
603917,sh,280205
603918,sh,710301
603919,sh,340501
603920,sh,270202
603922,sh,280205
603926,sh,280203
603927,sh,710401
603928,sh,220504
603929,sh,620404
603931,sh,270601
603933,sh,270401
603936,sh,270202
603937,sh,240301
603938,sh,220204
603939,sh,370403
603948,sh,220309
603949,sh,280203
603950,sh,280203
603955,sh,620307
603956,sh,640209
603958,sh,350205
603959,sh,620402
603960,sh,640704
603966,sh,640203
603967,sh,420805
603968,sh,220315
603969,sh,640108
603970,sh,220803
603976,sh,370503
603977,sh,220307
603978,sh,240201
603979,sh,240302
603980,sh,220308
603982,sh,280203
603983,sh,770202
603985,sh,630602
603986,sh,270104
603987,sh,370503
603988,sh,630101
603989,sh,270203
603990,sh,710401
603991,sh,270108
603992,sh,360309
603993,sh,240302
603995,sh,230501
603997,sh,280202
603998,sh,370201
603999,sh,720902
605001,sh,640501
605003,sh,350206
605005,sh,280206
605006,sh,610202
605007,sh,360103
605008,sh,220501
605009,sh,770101
605011,sh,410104
605016,sh,220315
605018,sh,280205
605020,sh,220311
605028,sh,410104
605033,sh,220803
605050,sh,420802
605055,sh,350104
605056,sh,640107
605058,sh,270202
605060,sh,640106
605066,sh,630802
605068,sh,280202
605069,sh,760104
605077,sh,220315
605080,sh,360502
605081,sh,760102
605086,sh,220901
605088,sh,280203
605089,sh,340406
605090,sh,410301
605098,sh,461102
605099,sh,360311
605100,sh,640108
605108,sh,460902
605111,sh,270102
605116,sh,370101
605117,sh,630503
605118,sh,710102
605122,sh,610102
605123,sh,650201
605128,sh,280202
605133,sh,280203
605136,sh,450603
605138,sh,350209
605151,sh,280202
605155,sh,360311
605158,sh,240201
605162,sh,410104
605166,sh,220406
605167,sh,620402
605168,sh,720501
605169,sh,410301
605177,sh,370101
605178,sh,620404
605179,sh,340702
605180,sh,350106
605183,sh,220603
605186,sh,640704
605188,sh,450302
605189,sh,350104
605196,sh,630805
605198,sh,110501
605199,sh,370201
605208,sh,240301
605218,sh,270301
605222,sh,630805
605228,sh,280202
605255,sh,280203
605258,sh,270202
605259,sh,640209
605266,sh,370403
605268,sh,360308
605277,sh,270504
605286,sh,640204
605287,sh,620201
605288,sh,640702
605289,sh,620404
605296,sh,110702
605298,sh,640501
605299,sh,360502
605300,sh,340702
605303,sh,620307
605305,sh,640601
605318,sh,610303
605319,sh,280205
605333,sh,280206
605336,sh,330401
605337,sh,340701
605338,sh,340406
605339,sh,340802
605358,sh,270103
605365,sh,330501
605366,sh,220309
605368,sh,410301
605369,sh,370503
605376,sh,240602
605377,sh,360103
605378,sh,630705
605388,sh,340702
605389,sh,640602
605398,sh,710301
605399,sh,220316
605488,sh,220505
605499,sh,340701
605500,sh,360102
605507,sh,370101
605555,sh,330302
605566,sh,220308
605567,sh,340406
605577,sh,720901
605580,sh,410104
605588,sh,270303
605589,sh,220504
605598,sh,620404
605599,sh,350301
688001,sh,640107
688002,sh,650501
688003,sh,640704
688004,sh,710301
688005,sh,630702
688006,sh,630703
688007,sh,270503
688008,sh,270104
688009,sh,640501
688010,sh,270303
688011,sh,650501
688012,sh,270108
688013,sh,370503
688015,sh,640501
688016,sh,370503
688017,sh,640701
688018,sh,270104
688019,sh,270601
688020,sh,270202
688021,sh,280205
688022,sh,640209
688023,sh,710402
688025,sh,640703
688026,sh,370503
688027,sh,730206
688028,sh,640103
688029,sh,370503
688030,sh,710402
688031,sh,710402
688032,sh,630503
688033,sh,640501
688035,sh,270601
688036,sh,270503
688037,sh,270108
688038,sh,710401
688039,sh,710301
688041,sh,270104
688045,sh,270105
688046,sh,370603
688047,sh,270104
688048,sh,270102
688049,sh,270104
688050,sh,370503
688051,sh,710301
688052,sh,270105
688053,sh,650501
688055,sh,270301
688056,sh,640107
688057,sh,760102
688058,sh,710402
688059,sh,640108
688060,sh,710103
688061,sh,270105
688062,sh,370102
688063,sh,630701
688065,sh,220309
688066,sh,710301
688067,sh,370504
688068,sh,370504
688069,sh,760102
688070,sh,650201
688071,sh,640209
688072,sh,270108
688073,sh,370603
688075,sh,370504
688076,sh,370101
688077,sh,240202
688078,sh,710401
688079,sh,270303
688080,sh,730207
688081,sh,650501
688082,sh,270108
688083,sh,710401
688084,sh,650501
688085,sh,370503
688087,sh,220501
688088,sh,710301
688089,sh,220315
688090,sh,640701
688091,sh,370102
688092,sh,640209
688093,sh,270401
688095,sh,710402
688096,sh,760102
688097,sh,640704
688098,sh,110801
688099,sh,270104
688100,sh,730206
688101,sh,760102
688102,sh,240201
688103,sh,270401
688105,sh,370304
688106,sh,270601
688107,sh,270104
688108,sh,370503
688109,sh,710401
688110,sh,270104
688111,sh,710402
688112,sh,640107
688113,sh,640209
688114,sh,370502
688115,sh,640107
688116,sh,630702
688117,sh,370102
688118,sh,710401
688119,sh,610301
688120,sh,270108
688121,sh,640203
688122,sh,650201
688123,sh,270104
688125,sh,640704
688126,sh,270103
688127,sh,270303
688128,sh,640209
688129,sh,220305
688130,sh,270105
688131,sh,370603
688132,sh,650501
688133,sh,220309
688135,sh,270107
688136,sh,370304
688137,sh,370304
688138,sh,270103
688139,sh,370502
688141,sh,270105
688143,sh,730205
688146,sh,270103
688147,sh,630505
688148,sh,630702
688150,sh,270601
688151,sh,370503
688152,sh,710402
688153,sh,270105
688155,sh,630703
688156,sh,110402
688157,sh,220305
688158,sh,710301
688159,sh,730206
688160,sh,640702
688161,sh,370503
688162,sh,640209
688163,sh,370304
688165,sh,640701
688166,sh,370101
688167,sh,270102
688168,sh,710402
688169,sh,330302
688170,sh,640703
688171,sh,710401
688172,sh,270102
688173,sh,270105
688175,sh,650501
688176,sh,370102
688177,sh,370304
688178,sh,760103
688179,sh,220309
688180,sh,370304
688181,sh,270301
688182,sh,730204
688183,sh,270202
688184,sh,630702
688185,sh,370303
688186,sh,630602
688187,sh,640501
688188,sh,710103
688189,sh,370102
688190,sh,240201
688191,sh,630803
688192,sh,370102
688193,sh,370504
688195,sh,270303
688196,sh,220309
688197,sh,370102
688198,sh,370503
688199,sh,220309
688200,sh,270108
688201,sh,710402
688202,sh,370603
688203,sh,220503
688205,sh,730204
688206,sh,710401
688207,sh,710301
688208,sh,710103
688209,sh,270105
688210,sh,270504
688211,sh,640209
688212,sh,370502
688213,sh,270104
688215,sh,640704
688216,sh,270107
688217,sh,370504
688218,sh,640701
688219,sh,220503
688220,sh,270105
688221,sh,370102
688222,sh,370603
688223,sh,630502
688225,sh,710402
688226,sh,630805
688227,sh,710301
688228,sh,710301
688229,sh,710301
688230,sh,270102
688231,sh,240201
688232,sh,710401
688233,sh,270103
688234,sh,270103
688235,sh,370102
688236,sh,370503
688237,sh,650201
688238,sh,370603
688239,sh,650201
688244,sh,710402
688246,sh,710401
688247,sh,370102
688248,sh,630803
688249,sh,270106
688251,sh,710301
688252,sh,270104
688253,sh,370504
688255,sh,640701
688256,sh,270104
688257,sh,640108
688258,sh,710301
688259,sh,270104
688260,sh,270504
688261,sh,270102
688262,sh,270104
688265,sh,370603
688266,sh,370102
688267,sh,220309
688268,sh,270601
688269,sh,220309
688270,sh,270105
688271,sh,370502
688272,sh,650501
688273,sh,370502
688275,sh,630702
688276,sh,370303
688277,sh,370502
688278,sh,370304
688279,sh,270104
688280,sh,280203
688281,sh,650201
688282,sh,650101
688283,sh,730207
688285,sh,640501
688286,sh,270105
688287,sh,650201
688288,sh,710103
688289,sh,370504
688290,sh,640701
688291,sh,710401
688292,sh,710103
688293,sh,370304
688295,sh,220404
688296,sh,710401
688297,sh,650201
688298,sh,370504
688299,sh,270301
688300,sh,220901
688301,sh,370502
688302,sh,370102
688303,sh,630501
688305,sh,640101
688306,sh,640704
688307,sh,710102
688308,sh,640108
688309,sh,760201
688310,sh,640704
688311,sh,650501
688312,sh,640209
688313,sh,730204
688314,sh,370503
688315,sh,370605
688316,sh,710301
688317,sh,370504
688318,sh,710401
688319,sh,370303
688320,sh,640702
688321,sh,370102
688322,sh,270303
688323,sh,220505
688325,sh,270105
688326,sh,710401
688327,sh,710301
688328,sh,640209
688329,sh,640704
688330,sh,630803
688331,sh,370304
688332,sh,270104
688333,sh,640106
688334,sh,460802
688335,sh,760102
688336,sh,370304
688337,sh,640107
688338,sh,370504
688339,sh,630704
688343,sh,710301
688345,sh,630701
688347,sh,270106
688348,sh,630503
688349,sh,630601
688350,sh,220309
688351,sh,370503
688352,sh,270107
688353,sh,630702
688355,sh,640108
688356,sh,370101
688357,sh,220309
688358,sh,370502
688359,sh,270601
688360,sh,640106
688361,sh,270108
688362,sh,270107
688363,sh,770301
688365,sh,710301
688366,sh,370503
688367,sh,640501
688368,sh,270105
688369,sh,710402
688370,sh,760103
688371,sh,270601
688372,sh,270107
688373,sh,370102
688375,sh,650501
688376,sh,760201
688377,sh,640203
688378,sh,270303
688379,sh,640108
688380,sh,270104
688381,sh,270105
688382,sh,370102
688383,sh,640209
688385,sh,270104
688386,sh,220505
688387,sh,730204
688388,sh,630701
688389,sh,370504
688390,sh,630503
688391,sh,270105
688392,sh,630703
688393,sh,370504
688395,sh,640702
688396,sh,270106
688398,sh,220309
688399,sh,370504
688400,sh,640209
688401,sh,270103
688403,sh,270107
688408,sh,630504
688409,sh,270108
688410,sh,370502
688411,sh,630306
688416,sh,270104
688418,sh,730207
688419,sh,270108
688420,sh,640203
688425,sh,640601
688426,sh,370504
688428,sh,370102
688429,sh,630502
688432,sh,270103
688433,sh,640106
688435,sh,710402
688439,sh,650501
688443,sh,370304
688448,sh,640106
688449,sh,270104
688450,sh,640107
688455,sh,640704
688456,sh,240201
688458,sh,270105
688459,sh,640501
688466,sh,760102
688468,sh,370504
688469,sh,270106
688472,sh,630502
688475,sh,710102
688478,sh,270108
688479,sh,710401
688480,sh,760104
688484,sh,270105
688485,sh,640501
688486,sh,270104
688488,sh,370304
688489,sh,710102
688496,sh,270302
688498,sh,270102
688499,sh,630703
688500,sh,710301
688501,sh,760201
688502,sh,270303
688503,sh,630504
688505,sh,370102
688506,sh,370102
688507,sh,710401
688508,sh,270105
688509,sh,710301
688510,sh,650201
688511,sh,650501
688512,sh,270105
688513,sh,370102
688515,sh,270105
688516,sh,630505
688517,sh,630802
688518,sh,640703
688519,sh,270202
688520,sh,370304
688521,sh,270104
688522,sh,650501
688523,sh,650101
688525,sh,270104
688526,sh,110801
688528,sh,640107
688529,sh,640209
688530,sh,270103
688531,sh,640209
000300,sh,000000
000040,sz,000000
000584,sz,000000
000622,sz,000000
000627,sz,000000
002336,sz,000000
002750,sz,000000
300108,sz,000000
300117,sz,000000
300208,sz,000000
300280,sz,000000
300630,sz,000000
600070,sh,000000
600083,sh,000000
600190,sh,000000
600225,sh,000000
600387,sh,000000
600462,sh,000000
600705,sh,000000
600804,sh,000000
600811,sh,000000
600837,sh,000000
601028,sh,000000
601989,sh,000000
603003,sh,000000
603963,sh,000000
688533,sh,280206
688535,sh,270103
688536,sh,270105
688538,sh,270301
688539,sh,270203
688543,sh,650301
688545,sh,270601
688548,sh,270601
688549,sh,270601
688550,sh,270601
688551,sh,630306
688552,sh,650501
688553,sh,370102
688556,sh,630505
688557,sh,640106
688558,sh,640101
688559,sh,640703
688560,sh,630504
688561,sh,710402
688562,sh,710301
688563,sh,650201
688565,sh,760102
688566,sh,370102
688567,sh,630701
688568,sh,710301
688569,sh,640501
688570,sh,640702
688571,sh,220305
688573,sh,630703
688575,sh,370504
688576,sh,370503
688577,sh,640101
688578,sh,370102
688579,sh,710401
688580,sh,370502
688581,sh,370503
688582,sh,270105
688583,sh,640107
688584,sh,270103
688585,sh,220504
688586,sh,650201
688588,sh,710401
688589,sh,270104
688590,sh,710401
688591,sh,270104
688592,sh,730206
688593,sh,270104
688595,sh,270104
688596,sh,640209
688597,sh,630804
688598,sh,630504
688599,sh,630502
688600,sh,640107
688601,sh,270105
688602,sh,220309
688603,sh,270601
688605,sh,270108
688606,sh,370504
688607,sh,370502
688608,sh,270104
688609,sh,330202
688610,sh,640107
688611,sh,630803
688612,sh,280206
688613,sh,370503
688615,sh,710401
688616,sh,630804
688617,sh,370503
688618,sh,730204
688619,sh,710102
688620,sh,270104
688621,sh,370603
688622,sh,640107
688623,sh,640704
688625,sh,220309
688626,sh,370502
688627,sh,640107
688628,sh,640107
688629,sh,650501
688630,sh,640209
688631,sh,710401
688633,sh,640203
688636,sh,650501
688638,sh,630703
688639,sh,220315
688646,sh,640703
688648,sh,640209
688651,sh,710402
688652,sh,270108
688653,sh,270105
688655,sh,270202
688656,sh,370504
688657,sh,710401
688658,sh,370102
688659,sh,220309
688660,sh,630601
688661,sh,270103
688662,sh,270401
688663,sh,630803
688665,sh,640107
688667,sh,280206
688668,sh,730204
688669,sh,220503
688670,sh,370303
688671,sh,760201
688676,sh,630801
688677,sh,370502
688678,sh,270504
688679,sh,760103
688680,sh,630504
688681,sh,630803
688682,sh,650501
688683,sh,270601
688685,sh,650201
688686,sh,640704
688687,sh,370304
688689,sh,270102
688690,sh,370101
688691,sh,270106
688692,sh,710401
688693,sh,270102
688695,sh,710402
688696,sh,330202
688697,sh,640101
688698,sh,640702
688699,sh,270105
688700,sh,640209
688701,sh,760104
688702,sh,270104
688707,sh,630702
688708,sh,650201
688709,sh,270104
688710,sh,370603
688711,sh,270102
688716,sh,220504
688717,sh,630503
688718,sh,220505
688719,sh,630306
688720,sh,270103
688721,sh,270103
688722,sh,220404
688726,sh,630505
688728,sh,270104
688733,sh,630702
688737,sh,280205
688739,sh,370303
688750,sh,240504
688758,sh,370101
688766,sh,270104
688767,sh,370504
688768,sh,640107
688772,sh,630701
688776,sh,650501
688777,sh,640702
688778,sh,630702
688779,sh,630702
688786,sh,240202
688787,sh,710301
688788,sh,650501
688789,sh,640206
688793,sh,330303
688798,sh,270105
688799,sh,370102
688800,sh,270401
688819,sh,630705
688981,sh,270106
689009,sh,280401
430017,sz,000000
430047,sz,000000
430090,sz,000000
430139,sz,000000
430198,sz,000000
430300,sz,000000
430418,sz,000000
430425,sz,000000
430476,sz,000000
430478,sz,000000
430489,sz,000000
430510,sz,000000
430556,sz,000000
430564,sz,000000
430685,sz,000000
430718,sz,000000
830779,sz,000000
830799,sz,000000
830809,sz,000000
830832,sz,000000
830839,sz,000000
830879,sz,000000
830896,sz,000000
830946,sz,000000
830964,sz,000000
830974,sz,000000
831010,sz,000000
831039,sz,000000
831087,sz,000000
831152,sz,000000
831167,sz,000000
831175,sz,000000
831195,sz,000000
831278,sz,000000
831304,sz,000000
831305,sz,000000
831370,sz,000000
831396,sz,000000
831445,sz,000000
831526,sz,000000
831627,sz,000000
831641,sz,000000
831689,sz,000000
831726,sz,000000
831768,sz,000000
831832,sz,000000
831834,sz,000000
831855,sz,000000
831856,sz,000000
831906,sz,000000
831961,sz,000000
832000,sz,000000
832023,sz,000000
832089,sz,000000
832110,sz,000000
832145,sz,000000
832149,sz,000000
832171,sz,000000
832175,sz,000000
832225,sz,000000
832278,sz,000000
832419,sz,000000
832469,sz,000000
832471,sz,000000
832491,sz,000000
832522,sz,000000
832566,sz,000000
832651,sz,000000
832662,sz,000000
832735,sz,000000
832786,sz,000000
832802,sz,000000
832876,sz,000000
832885,sz,000000
832978,sz,000000
832982,sz,000000
833030,sz,000000
833075,sz,000000
833171,sz,000000
833230,sz,000000
833266,sz,000000
833284,sz,000000
833346,sz,000000
833394,sz,000000
833427,sz,000000
833429,sz,000000
833454,sz,000000
833455,sz,000000
833509,sz,000000
833523,sz,000000
833533,sz,000000
833575,sz,000000
833580,sz,000000
833751,sz,000000
833781,sz,000000
833819,sz,000000
833873,sz,000000
833914,sz,000000
833943,sz,000000
834014,sz,000000
834021,sz,000000
834033,sz,000000
834058,sz,000000
834062,sz,000000
834261,sz,000000
834407,sz,000000
834415,sz,000000
834475,sz,000000
834599,sz,000000
834639,sz,000000
834682,sz,000000
834765,sz,000000
834770,sz,000000
834950,sz,000000
835174,sz,000000
835179,sz,000000
835184,sz,000000
835185,sz,000000
835207,sz,000000
835237,sz,000000
835305,sz,000000
835368,sz,000000
835438,sz,000000
835508,sz,000000
835579,sz,000000
835640,sz,000000
835670,sz,000000
835857,sz,000000
835892,sz,000000
835985,sz,000000
836077,sz,000000
836149,sz,000000
836208,sz,000000
836221,sz,000000
836239,sz,000000
836247,sz,000000
836260,sz,000000
836263,sz,000000
836270,sz,000000
836395,sz,000000
836414,sz,000000
836419,sz,000000
836422,sz,000000
836433,sz,000000
836504,sz,000000
836547,sz,000000
836675,sz,000000
836699,sz,000000
836717,sz,000000
836720,sz,000000
836807,sz,000000
836826,sz,000000
836871,sz,000000
836892,sz,000000
836942,sz,000000
836957,sz,000000
836961,sz,000000
837006,sz,000000
837023,sz,000000
837046,sz,000000
837092,sz,000000
837174,sz,000000
837212,sz,000000
837242,sz,000000
837344,sz,000000
837403,sz,000000
837592,sz,000000
837663,sz,000000
837748,sz,000000
837821,sz,000000
838030,sz,000000
838163,sz,000000
838171,sz,000000
838227,sz,000000
838262,sz,000000
838275,sz,000000
838402,sz,000000
838670,sz,000000
838701,sz,000000
838810,sz,000000
838837,sz,000000
838924,sz,000000
838971,sz,000000
839167,sz,000000
839273,sz,000000
839371,sz,000000
839493,sz,000000
839680,sz,000000
839719,sz,000000
839725,sz,000000
839729,sz,000000
839790,sz,000000
839792,sz,000000
839946,sz,000000
870199,sz,000000
870204,sz,000000
870299,sz,000000
870357,sz,000000
870436,sz,000000
870508,sz,000000
870656,sz,000000
870726,sz,000000
870866,sz,000000
870976,sz,000000
871245,sz,000000
871263,sz,000000
871396,sz,000000
871478,sz,000000
871553,sz,000000
871634,sz,000000
871642,sz,000000
871694,sz,000000
871753,sz,000000
871857,sz,000000
871970,sz,000000
871981,sz,000000
872190,sz,000000
872351,sz,000000
872374,sz,000000
872392,sz,000000
872541,sz,000000
872808,sz,000000
872895,sz,000000
872925,sz,000000
872931,sz,000000
872953,sz,000000
873001,sz,000000
873122,sz,000000
873132,sz,000000
873152,sz,000000
873167,sz,000000
873169,sz,000000
873223,sz,000000
873305,sz,000000
873339,sz,000000
873527,sz,000000
873570,sz,000000
873576,sz,000000
873593,sz,000000
873665,sz,000000
873679,sz,000000
873690,sz,000000
873693,sz,000000
873703,sz,000000
873706,sz,000000
873726,sz,000000
873806,sz,000000
873833,sz,000000
920002,sz,000000
920008,sz,000000
920016,sz,000000
920019,sz,000000
920060,sz,000000
920066,sz,000000
920082,sz,000000
920088,sz,000000
920098,sz,000000
920099,sz,000000
920106,sz,000000
920108,sz,000000
920111,sz,000000
920116,sz,000000
920118,sz,000000
920128,sz,000000
169201,sz,000000
169107,sz,000000
169106,sz,000000
169105,sz,000000
169104,sz,000000
169103,sz,000000
169102,sz,000000
169101,sz,000000
168701,sz,000000
168401,sz,000000
168301,sz,000000
168204,sz,000000
168203,sz,000000
168105,sz,000000
168104,sz,000000
168103,sz,000000
168102,sz,000000
168101,sz,000000
168002,sz,000000
167508,sz,000000
167506,sz,000000
167503,sz,000000
167302,sz,000000
167301,sz,000000
167003,sz,000000
167002,sz,000000
167001,sz,000000
166802,sz,000000
166107,sz,000000
166027,sz,000000
166025,sz,000000
166024,sz,000000
166023,sz,000000
166016,sz,000000
166011,sz,000000
166009,sz,000000
166008,sz,000000
166006,sz,000000
166001,sz,000000
165528,sz,000000
165526,sz,000000
165525,sz,000000
165524,sz,000000
165523,sz,000000
165522,sz,000000
165521,sz,000000
165520,sz,000000
165517,sz,000000
165516,sz,000000
165515,sz,000000
165513,sz,000000
165512,sz,000000
165511,sz,000000
165509,sz,000000
165508,sz,000000
165313,sz,000000
165312,sz,000000
165310,sz,000000
165309,sz,000000
164908,sz,000000
164906,sz,000000
164905,sz,000000
164902,sz,000000
164824,sz,000000
164818,sz,000000
164814,sz,000000
164810,sz,000000
164705,sz,000000
164701,sz,000000
164606,sz,000000
164509,sz,000000
164508,sz,000000
164403,sz,000000
164402,sz,000000
164401,sz,000000
163907,sz,000000
163821,sz,000000
163801,sz,000000
163503,sz,000000
163418,sz,000000
163417,sz,000000
163415,sz,000000
163412,sz,000000
163409,sz,000000
163407,sz,000000
163406,sz,000000
163402,sz,000000
163302,sz,000000
163209,sz,000000
163208,sz,000000
163116,sz,000000
163115,sz,000000
163114,sz,000000
163113,sz,000000
163111,sz,000000
163110,sz,000000
163109,sz,000000
163005,sz,000000
163001,sz,000000
162721,sz,000000
162720,sz,000000
162719,sz,000000
162715,sz,000000
162711,sz,000000
162703,sz,000000
162607,sz,000000
162605,sz,000000
162509,sz,000000
162415,sz,000000
162414,sz,000000
162412,sz,000000
162411,sz,000000
162307,sz,000000
162216,sz,000000
162207,sz,000000
162108,sz,000000
162107,sz,000000
162006,sz,000000
161914,sz,000000
161912,sz,000000
161903,sz,000000
161837,sz,000000
161834,sz,000000
161831,sz,000000
161820,sz,000000
161816,sz,000000
161815,sz,000000
161812,sz,000000
161811,sz,000000
161810,sz,000000
